_id,_name,_capacity,_grass,_city,_state,_zip,_country_code,_location,_elevation,_year,_dome,_timezone,discriminator
4747,Abbott Memorial Alumni Stadium,10000,,Tuskegee,AL,,US,"{'x': 32.4240286, 'y': -85.6916195}",122.8,,False,,
3599,Ace W. Mumford Stadium,28500,False,Baton Rouge,LA,70807,US,"{'x': 30.5221461, 'y': -91.1896087}",20.24213219,,False,America/Chicago,
3601,Aggie Memorial Stadium,30343,False,Las Cruces,NM,88003,US,"{'x': 32.2796202, 'y': -106.7411148}",1208.201294,,False,America/Denver,
3603,Aggie Stadium,21500,True,Greensboro,NC,27411,US,"{'x': 36.0814337, 'y': -79.7700391}",235.1224518,,False,America/New_York,
3602,Aggie Stadium,10849,False,Davis,CA,95616,US,"{'x': 38.5365266, 'y': -121.7627936}",11.3825922,,False,America/Los_Angeles,
3604,Alamodome,65000,False,San Antonio,TX,78299,US,"{'x': 29.4169834, 'y': -98.4788143}",201.5526886,,False,America/Chicago,
3653,Albertsons Stadium,36387,False,Boise,ID,83725,US,"{'x': 43.6028839, 'y': -116.1958882}",823.2221069,,False,America/Boise,
3605,Alerus Center,12283,False,Grand Forks,ND,58201,US,"{'x': 47.910622, 'y': -97.090996}",255.2472076,,False,America/Chicago,
1027,Alex G. Spanos Stadium,11075,True,San Luis Obispo,CA,93405,US,"{'x': 35.2984123, 'y': -120.6650005}",84.6832428,,False,America/Los_Angeles,
3607,Alfond Stadium,10000,False,Orono,ME,4469 ,US,"{'x': 44.905128, 'y': -68.6724718}",35.4817543,,False,America/New_York,
6501,Allegiant Stadium,65000,,Las Vegas,NV,,US,"{'x': 36.1672559, 'y': -115.1485163}",,,False,,
3609,Allgood-Bailey Stadium,8000,True,Rolla,MO,65401,US,"{'x': 37.95037, 'y': -91.780444}",336.1,,False,America/Chicago,
5363,Allianz Stadium,45500,True,Sydney,NSW,2021 ,AU,"{'x': -33.888907, 'y': 151.225343}",42.8,,False,Australia/Sydney,
3610,Aloha Stadium,50000,False,Honolulu,HI,96818,US,"{'x': 21.3728014, 'y': -157.9299645}",10.26500511,,False,Pacific/Honolulu,
3597,Alumni Memorial Field,10000,True,Lexington,VA,24450,US,"{'x': 37.788983, 'y': -79.43505}",294.958252,,False,America/New_York,
3613,Alumni Stadium,7000,False,Dover,DE,19901,US,"{'x': 39.189375, 'y': -75.5433185}",10.95275307,,False,America/New_York,
3615,Alumni Stadium,44500,False,Chestnut Hill,MA,2467 ,US,"{'x': 42.335104, 'y': -71.1664413}",39.82634354,,False,America/New_York,
3616,Amon G. Carter Stadium,45000,False,Fort Worth,TX,76129,US,"{'x': 32.7096604, 'y': -97.3680835}",185.4387054,,False,America/Chicago,
3617,Andy Kerr Stadium,10221,False,Hamilton,NY,13346,US,"{'x': 42.8168991, 'y': -75.5452721}",337.1443787,,False,America/New_York,
5221,ANZ Stadium,83500,True,Sydney,,2127 ,AU,"{'x': -33.846991, 'y': 151.063435}",9.444999695,,False,Australia/Sydney,
3825,Apogee Stadium,30850,False,Denton,TX,76210,US,"{'x': 33.203899, 'y': -97.159245}",198.6871948,,False,America/Chicago,
3619,Arizona Stadium,56029,False,Tucson,AZ,85721,US,"{'x': 32.2288054, 'y': -110.9488677}",742.1530151,,False,America/Phoenix,
3620,Armstrong Stadium,17000,False,Hampton,VA,23669,US,"{'x': 37.0200894, 'y': -76.3331555}",2.574624538,,False,America/New_York,
3622,Arrowhead Stadium,76416,True,Kansas City,MO,64129,US,"{'x': 39.048889, 'y': -94.483889}",256.798584,,False,America/Chicago,
3623,Arthur J. Rooney Athletic Field,2200,False,Pittsburgh,PA,15282,US,"{'x': 40.4355808, 'y': -79.9900263}",269.4302979,,False,America/New_York,
3624,Arute Field,3500,False,New Britain,CT,6053 ,US,"{'x': 41.6950591, 'y': -72.7616197}",41.29866409,,False,America/New_York,
3687,AT&T Stadium,100000,False,Arlington,TX,76011,US,"{'x': 32.747778, 'y': -97.092778}",172.5047302,,False,America/Chicago,
3626,Autzen Stadium,54000,False,Eugene,OR,97401,US,"{'x': 44.0582712, 'y': -123.0684883}",127.4198303,,False,America/Los_Angeles,
3504,Aviva Stadium,51700,True,Dublin,,,IE,"{'x': 53.33523, 'y': -6.228447}",2.264276505,,False,,
3627,Bailey Memorial Stadium,6500,True,Clinton,SC,29325,US,"{'x': 34.46158, 'y': -81.861368}",194.1601868,,False,America/New_York,
3628,Bank of America Stadium,75412,True,Charlotte,NC,28202,US,"{'x': 35.225833, 'y': -80.852778}",220.8777466,,False,America/New_York,
3629,Barker-Lane Stadium,5000,False,Buies Creek,NC,27506,US,"{'x': 35.4047689, 'y': -78.7424842}",56.51401138,,False,America/New_York,
3630,BB&T Field,31500,False,Winston-Salem,NC,27105,US,"{'x': 36.1305507, 'y': -80.2545851}",283.548584,,False,America/New_York,
3631,BBVA Compass Stadium,22039,True,Houston,TX,77003,US,"{'x': 29.7521988, 'y': -95.3524146}",13.68128395,,False,America/Chicago,
3632,Beaver Stadium,106572,False,University Park,PA,16802,US,"{'x': 40.8121958, 'y': -77.8561023}",354.1551514,,False,America/New_York,
3634,Ben Hill Griffin Stadium,88548,True,Gainesville,FL,32653,US,"{'x': 29.6499357, 'y': -82.3485788}",44.97250748,,False,America/New_York,
4729,Benson Field at Yulman Stadium,30000,False,New Orleans,LA,70118,US,"{'x': 29.944616, 'y': -90.116692}",1.18e-38,,False,America/Chicago,
6043,Bethpage Federal Credit Union Stadium,6000,False,Brookville,NY,11545,US,"{'x': 40.816284, 'y': -73.589546}",236.0,,False,America/New_York,
3636,Bill Snyder Family Football Stadium,50000,False,Manhattan,KS,66502,US,"{'x': 39.2020096, 'y': -96.5938395}",328.0574646,,False,America/Chicago,
3639,Blackshear Stadium,15000,False,Prairie View,TX,77445,US,"{'x': 30.091128, 'y': -95.994482}",78.4,,False,America/Chicago,
3841,Blaik Field at Michie Stadium,38000,False,West Point,NY,10996,US,"{'x': 41.3874924, 'y': -73.9640891}",99.21277618,,False,America/New_York,
3697,Bobby Bowden Field at Doak Campbell Stadium,79560,False,Tallahassee,FL,32306,US,"{'x': 30.4381692, 'y': -84.3044032}",19.55942535,,False,America/New_York,
721,Bobby Dodd Stadium at Historic Grant Field,55000,True,Atlanta,GA,30332,US,"{'x': 33.7724449, 'y': -84.3928054}",279.300415,,False,America/New_York,
3643,Bobcat Stadium,19000,False,Bozeman,MT,59718,US,"{'x': 45.659048, 'y': -111.049547}",1507.508667,,False,America/Denver,
4419,Bob Ford Field,8500,False,Albany,NY,12222,US,"{'x': 42.6808062, 'y': -73.8272841}",64.42764282,,False,America/New_York,
3646,Boone Pickens Stadium,60218,False,Stillwater,OK,74078,US,"{'x': 36.125673, 'y': -97.066513}",276.4808655,,False,America/Chicago,
3647,Bowers Stadium,14000,False,Huntsville,TX,77340,US,"{'x': 30.713926, 'y': -95.5419802}",127.6225204,,False,America/Chicago,
3649,Bowman Gray Stadium,17000,True,Winston-Salem,NC,27107,US,"{'x': 36.083372, 'y': -80.222037}",242.5,,False,America/New_York,
3650,Bragg Memorial Stadium,25500,False,Tallahassee,FL,32307,US,"{'x': 30.4261632, 'y': -84.2923095}",31.18483925,,False,America/New_York,
4133,Braly Municipal Stadium,14215,False,Florence,AL,35630,US,"{'x': 34.810914, 'y': -87.670587}",172.3,,False,America/Chicago,
3651,Bridgeforth Stadium,24878,False,Harrisonburg,VA,22807,US,"{'x': 38.4352919, 'y': -78.8729349}",399.303009,,False,America/New_York,
3764,Brigham Field at Huskie Stadium,23595,False,DeKalb,IL,60115,US,"{'x': 41.9339586, 'y': -88.7778357}",267.4530029,,False,America/Chicago,
3652,Bright House Networks Stadium,44206,False,Orlando,FL,32816,US,"{'x': 28.6079765, 'y': -81.1927233}",20.94113731,,False,America/New_York,
4617,Bristol Motor Speedway,162000,True,Briston,TN,37620,US,"{'x': 36.516, 'y': -82.257}",456.8201294,,False,America/New_York,
3654,Brooks Stadium,9214,False,Conway,SC,29528,US,"{'x': 33.7928506, 'y': -79.0166946}",13.74894905,,False,America/New_York,
3655,Brown Field,5000,False,Valparaiso,IN,46383,US,"{'x': 41.465642, 'y': -87.0479446}",244.6367645,,False,America/Chicago,
3656,Brown Stadium,20000,False,Providence,RI,2912 ,US,"{'x': 41.842114, 'y': -71.3939416}",33.87348557,,False,America/New_York,
3657,Bryant Denny Stadium,101821,True,Tuscaloosa,AL,35487,US,"{'x': 33.2082752, 'y': -87.5503836}",70.05136108,,False,America/Chicago,
3658,Buccaneer Field,4000,False,North Charleston,SC,29406,US,"{'x': 32.9810239, 'y': -80.0659664}",12.6744318,,False,America/New_York,
3660,Bulldog Stadium,41031,False,Fresno,CA,93740,US,"{'x': 36.8143527, 'y': -119.7580092}",102.564064,,False,America/Los_Angeles,
3661,Bulldog Stadium,4400,False,Smithfield,RI,93710,US,"{'x': 41.924206, 'y': -71.5385124}",124.471344,,False,America/New_York,
3664,Butler Bowl,5500,False,Indianapolis,IN,46721,US,"{'x': 39.8444694, 'y': -86.1659242}",221.1980591,,False,America/Indiana/Indianapolis,
3666,Cajun Field,36900,False,Lafayette,LA,70506,US,"{'x': 30.2158434, 'y': -92.0417371}",3.556508303,,False,America/Chicago,
3831,California Memorial Stadium,62717,False,Berkeley,CA,94720,US,"{'x': 37.8710434, 'y': -122.2507729}",125.3108063,,False,America/Los_Angeles,
4013,Camping World Stadium,65000,False,Orlando,FL,32805,US,"{'x': 28.539167, 'y': -81.402778}",31.37226868,,False,America/New_York,
347,Camp Randall Stadium,80321,False,Madison,WI,53711,US,"{'x': 43.06994, 'y': -89.4126943}",263.604126,,False,America/Chicago,
3668,Campus Field,4000,False,Fairfield,CT,6825 ,US,"{'x': 41.2212488, 'y': -73.2417431}",82.02420044,,False,America/New_York,
5388,Canvas Stadium,41000,False,Fort Collins,CO,80521,US,"{'x': 40.570015, 'y': -105.088435}",1528.4,,False,America/Denver,
1964,Carrier Dome,49250,False,Syracuse,NY,13244,US,"{'x': 43.0362269, 'y': -76.1363161}",162.6989746,,False,America/New_York,
3670,Carter-Finley Stadium,57583,False,Raleigh,NC,27695,US,"{'x': 35.8008001, 'y': -78.7195655}",117.0089951,,False,America/New_York,
3671,Case Field,2400,False,Cleveland,OH,85099,US,"{'x': 41.513447, 'y': -81.603634}",-81.603639,,False,America/New_York,
3625,Centennial Bank Stadium,30964,False,Jonesboro,AR,72404,US,"{'x': 35.8488977, 'y': -90.6677436}",89.52690887,,False,America/Chicago,
3673,CenturyLink Field,69000,False,Seattle,WA,98134,US,"{'x': 47.595217, 'y': -122.33165}",5.2,,False,America/Los_Angeles,
4251,Chase Field,48519,False,Phoenix,AZ,85004,US,"{'x': 33.445278, 'y': -112.066944}",323.2064514,,False,America/Phoenix,
3486,Children's Mercy Park,18467,True,Kansas City,KS,66111,US,"{'x': 39.121768, 'y': -94.823198}",300.8,,False,America/Chicago,
3676,Christy Mathewson-Memorial Stadium,13100,False,Lewisburg,PA,17837,US,"{'x': 40.9519411, 'y': -76.884752}",151.194931,,False,America/New_York,
3681,Coffey Field,7000,False,The Bronx,NY,10458,US,"{'x': 40.8615808, 'y': -73.8827649}",31.2384243,,False,America/New_York,
3683,Commonwealth Stadium,61000,True,Lexington,KY,40506,US,"{'x': 38.0220905, 'y': -84.5053408}",307.4248962,,False,America/New_York,
3847,Cooper Field,2500,False,Washington,DC,20007,US,"{'x': 38.9080248, 'y': -77.0753144}",32.38431549,,False,America/New_York,
499,Cotton Bowl,92100,False,Dallas,TX,75210,US,"{'x': 32.779722, 'y': -96.759722}",133.2241211,,False,America/Chicago,
3685,Coughlin-Alumni Stadium,16700,False,Brookings,SD,57007,US,"{'x': 44.32121, 'y': -96.780096}",495.8,,False,America/Chicago,
5237,Coughlin-Alumni Stadium,15000,True,Brookings,SD,57006,US,"{'x': 44.3210182, 'y': -96.7801386}",495.7769775,,False,America/Chicago,
3686,Cowboy Stadium,17410,False,Lake Charles,LA,70607,US,"{'x': 30.1804575, 'y': -93.2178729}",4.168509007,,False,America/Chicago,
3689,Cramton Bowl,21000,False,Montgomery,AL,36101,US,"{'x': 32.37949, 'y': -86.293002}",75.10210419,,False,America/Chicago,
4737,Croke Park Stadium,82300,False,Dublin,,,IE,,4.7,,False,,
1905,DakotaDome,10000,False,Vermillion,SD,57069,US,"{'x': 42.7911218, 'y': -96.9278427}",373.3928833,,False,America/Chicago,
3910,Darrell K Royal-Texas Memorial Stadium,100119,False,Austin,TX,78712,US,"{'x': 30.2836813, 'y': -97.7325345}",160.3089447,,False,America/Chicago,
3693,Davis Wade Stadium,61337,True,Starkville,MS,39762,US,"{'x': 33.4563403, 'y': -88.7933652}",110.2742081,,False,America/Chicago,
3691,D. B. Milne Field,5000,False,Jacksonville,FL,32211,US,"{'x': 30.3568843, 'y': -81.605476}",12.51101398,,False,America/New_York,
3694,DeGol Field,3500,False,Loretto,PA,15940,US,"{'x': 40.5063173, 'y': -78.637214}",586.9408569,,False,America/New_York,
3695,Delaware Stadium,22000,False,Newark,DE,19713,US,"{'x': 39.6617428, 'y': -75.7488224}",28.74350357,,False,America/New_York,
4258,Dignity Health Sports Park,30000,True,Carson,CA,90746,US,"{'x': 33.864, 'y': -118.261}",39.0,,False,America/Los_Angeles,
3696,Dix Stadium,25000,False,Kent,OH,44242,US,"{'x': 41.1390935, 'y': -81.31346}",321.3641663,,False,America/New_York,
3887,Donald W. Reynolds Razorback Stadium Frank Broyles Field,72000,False,Fayetteville,AR,72702,US,"{'x': 36.0680662, 'y': -94.1789534}",403.7972412,,False,America/Chicago,
3699,Dowdy-Ficklen Stadium,50000,False,Greenville,NC,27858,US,"{'x': 35.5968486, 'y': -77.364564}",19.0564537,,False,America/New_York,
3700,Doyt Perry Stadium,24000,False,Bowling Green,OH,43403,US,"{'x': 41.3780114, 'y': -83.6225}",205.9057465,,False,America/New_York,
3701,Drake Stadium,14557,False,Des Moines,IA,50311,US,"{'x': 41.605, 'y': -93.655}",277.8869934,,False,America/Chicago,
3706,Eccles Coliseum,8500,False,Cedar City,UT,84720,US,"{'x': 37.6757919, 'y': -113.0773938}",1763.97644,,False,America/Denver,
2068,E. Claiborne Robins Stadium,9000,False,Richmond,VA,23173,US,"{'x': 37.5807765, 'y': -77.5372211}",60.03879166,,False,America/New_York,
3902,Eddie Robinson Stadium,19600,False,Grambling,LA,71245,US,"{'x': 32.5258665, 'y': -92.7146412}",94.58428955,,False,America/Chicago,
4757,Edwards-Maurer Field,3000,False,Springfield,OH,45504,US,"{'x': 39.937943, 'y': -83.812075}",309.1,,False,America/New_York,
3704,E. J. Whitmire Stadium,13742,False,Cullowhee,NC,28723,US,"{'x': 35.3048352, 'y': -83.1818148}",653.8632813,,False,America/New_York,
3710,Ernest W. Spangler Stadium,8500,False,Boiling Springs,NC,28152,US,"{'x': 35.2457593, 'y': -81.6739887}",253.207016,,False,America/New_York,
3711,Estes Stadium,9000,False,Conway,AR,72035,US,"{'x': 35.0802599, 'y': -92.460045}",94.25577545,,False,America/Chicago,
3712,EverBank Field,67246,True,Jacksonville,FL,32022,US,"{'x': 30.323889, 'y': -81.6375}",1.336527586,,False,America/New_York,
3713,Falcon Stadium,46692,False,Colorado Springs,CO,80840,US,"{'x': 38.9969701, 'y': -104.8436165}",2024.875732,,False,America/Denver,
3714,Fargodome,19000,False,Fargo,ND,51802,US,"{'x': 46.9029938, 'y': -96.8003251}",274.4847717,,False,America/Chicago,
3838,Faurot Field,71168,False,Columbia,MO,65211,US,"{'x': 38.9358491, 'y': -92.3332009}",212.6865692,,False,America/Chicago,
3715,FAU Stadium,30000,False,Boca Raton,FL,33499,US,"{'x': 26.3763763, 'y': -80.1015759}",3.613628864,,False,America/New_York,
3719,FedEx Field,82000,True,Landover,MD,20785,US,"{'x': 38.907778, 'y': -76.864444}",59.50488663,,False,America/New_York,
4245,Fenway Park,38073,True,Boston,MA,2297 ,US,"{'x': 42.346389, 'y': -71.0975}",4.887843609,,False,America/New_York,
4899,Fifth Third Bank Stadium,8318,,Kennesaw,GA,48187,US,"{'x': 34.0289318, 'y': -84.5676234}",296.9589844,,False,,
3720,Finley Stadium,20668,False,Chattanooga,TN,37403,US,"{'x': 35.0363792, 'y': -85.3158835}",200.1825104,,False,America/New_York,
3721,Fisher Field,13132,False,Easton,PA,18042,US,"{'x': 40.7009796, 'y': -75.2106499}",81.43208313,,False,America/New_York,
3722,Fitton Field,23500,True,Worcester,MA,1601 ,US,"{'x': 42.2403564, 'y': -71.8111424}",137.3915253,,False,America/New_York,
218,FIU Stadium,23500,False,Miami,FL,33199,US,"{'x': 25.7525014, 'y': -80.3778912}",1.718581796,,False,America/New_York,
4417,Five Star Stadium at the Moye Complex,10200,False,Macon,GA,31207,US,"{'x': 32.8262075, 'y': -83.6522485}",138.6699677,,False,America/New_York,
3724,Floyd Casey Stadium,50000,False,Waco,TX,76798,US,"{'x': 31.530206, 'y': -97.148358}",151.2,,False,America/Chicago,
3726,Folsom Field,50183,False,Boulder,CO,80309,US,"{'x': 40.0094746, 'y': -105.266905}",1634.041138,,False,America/Denver,
3727,Ford Field,65000,False,Detroit,MI,48226,US,"{'x': 42.34, 'y': -83.045556}",183.9643707,,False,America/Detroit,
3918,Foreman Field,20118,False,Norfolk,VA,23551,US,"{'x': 36.8889533, 'y': -76.3049175}",3.147987843,,False,America/New_York,
3730,Franklin Field,52593,False,Philadelphia,PA,19104,US,"{'x': 39.9501475, 'y': -75.1901043}",11.71361065,,False,America/New_York,
5220,Garrison Stadium,5000,,Murfreesboro,TN,,US,"{'x': 36.434053, 'y': -77.098431}",18.69116974,,False,,
3734,Gayle and Tom Benson Stadium,6000,False,San Antonio,TX,78209,US,"{'x': 29.4674787, 'y': -98.470014}",208.4659576,,False,America/Chicago,
3835,Gaylord Family Oklahoma Memorial Stadium,84389,False,Norman,OK,73019,US,"{'x': 35.2058537, 'y': -97.4423145}",355.0962524,,False,America/Chicago,
3495,Georgia Dome,74228,False,Atlanta,GA,39901,US,"{'x': 33.7576897, 'y': -84.4008285}",303.1637268,,False,America/New_York,
4246,Georgia State Stadium,24333,False,Atlanta,GA,30315,US,"{'x': 33.735267, 'y': -84.389949}",287.0,,False,America/New_York,
3735,Gerald J. Ford Stadium,32000,False,University Park,TX,75275,US,"{'x': 32.8377223, 'y': -96.7827859}",169.4058075,,False,America/Chicago,
3737,Gibbs Stadium,13000,True,Spartanburg,SC,29303,US,"{'x': 34.9618606, 'y': -81.9328915}",231.6300049,,False,America/New_York,
3738,Gillette Stadium,68756,False,Foxborough,MA,2035 ,US,"{'x': 42.0909458, 'y': -71.2643465}",78.00233459,,False,America/New_York,
3739,Glass Bowl,26248,False,Toledo,OH,43606,US,"{'x': 41.6574777, 'y': -83.6135652}",181.4839783,,False,America/New_York,
3740,Golden Lion Stadium,16000,False,Pine Bluff,AR,71601,US,"{'x': 34.253327, 'y': -92.0214031}",67.71961975,,False,America/Chicago,
3741,Goodman Stadium,16000,False,Bethlehem,PA,18015,US,"{'x': 40.5890837, 'y': -75.3553874}",90.32305145,,False,America/New_York,
3742,Governors Stadium,10000,False,Clarksville,TN,37040,US,"{'x': 36.5362559, 'y': -87.3525507}",142.8643188,,False,America/Chicago,
3748,Graham Stadium,8000,False,Martin,TN,38238,US,"{'x': 36.3448341, 'y': -88.8616245}",124.6879349,,False,America/Chicago,
4293,Guaranteed Rate Field,40615,True,Chicago,IL,60616,US,"{'x': 41.83, 'y': -87.633889}",180.8555756,,False,America/Chicago,
4029,Hale Stadium,10000,True,Nashville,TN,37209,US,"{'x': 36.168056, 'y': -86.826944}",138.4986725,,False,America/Chicago,
3744,Hancock Stadium,15000,False,Normal,IL,61761,US,"{'x': 40.5125091, 'y': -88.9967177}",242.8722687,,False,America/Chicago,
6526,Hancock Whitney Stadium,25000,,Mobile,AL,85329,US,"{'x': 30.6943566, 'y': -88.0430541}",,,False,,
3746,Hanson Field,16368,False,Macomb,IL,61455,US,"{'x': 40.4683928, 'y': -90.6841248}",192.8755646,,False,America/Chicago,
3948,Hard Rock Stadium,65326,True,Miami Gardens,FL,33299,US,"{'x': 25.9579665, 'y': -80.2388604}",2.624486446,,False,America/New_York,
3963,Harry Turpin Stadium,15971,False,Natchitoches,LA,71457,US,"{'x': 31.747259, 'y': -93.0961357}",36.58879089,,False,America/Chicago,
3750,Harvard Stadium,30323,False,Boston,MA,2134 ,US,"{'x': 42.366704, 'y': -71.1267511}",1.96428895,,False,America/New_York,
3752,Heinz Field,68400,False,Pittsburgh,PA,15260,US,"{'x': 40.4467648, 'y': -80.0157603}",220.5887146,,False,America/New_York,
3754,High Point Solutions Stadium,52454,False,Piscataway,NJ,8854 ,US,"{'x': 40.5136754, 'y': -74.4655737}",8.543146133,,False,America/New_York,
4765,Hillsboro Stadium,7600,False,Portland,OR,97124,US,"{'x': 45.554597, 'y': -122.90694}",65.4,,False,America/Los_Angeles,
1930,Holt Arena,12000,False,Pocatello,ID,83201,US,"{'x': 42.8702052, 'y': -112.4281274}",1390.252441,,False,America/Boise,
3756,Homer Bryce Stadium,15000,False,Nacogdoches,TX,75961,US,"{'x': 31.625719, 'y': -94.6444034}",89.99433899,,False,America/Chicago,
3757,Hornet Stadium,21195,False,Sacramento,CA,95819,US,"{'x': 38.5556718, 'y': -121.4229607}",12.30015659,,False,America/Los_Angeles,
4582,Hornet Stadium,26500,False,Montgomery,AL,36106,US,"{'x': 32.3642223, 'y': -86.2896902}",79.35839844,,False,America/Chicago,
3796,Houchens Industries-L. T. Smith Stadium,22113,False,Bowling Green,KY,42101,US,"{'x': 36.9847901, 'y': -86.4594041}",154.4346619,,False,America/Chicago,
3758,Houck Stadium,11015,False,Cape Girardeau,MO,63701,US,"{'x': 37.3095375, 'y': -89.5313804}",137.7152405,,False,America/Chicago,
3762,Hughes Stadium,10000,False,Baltimore,MD,80521,US,"{'x': 39.3439778, 'y': -76.5829573}",67.05336761,,False,America/New_York,
4424,Husky Stadium,5000,False,Houston,TX,77074,US,"{'x': 29.6949025, 'y': -95.5167353}",19.87884521,,False,America/Chicago,
3765,Husky Stadium,70500,False,Seattle,WA,98195,US,"{'x': 47.6503235, 'y': -122.3015746}",11.65622807,,False,America/Los_Angeles,
3766,Independence Stadium,49565,False,Shreveport,FL,71107,US,"{'x': 32.475556, 'y': -93.791944}",78.48539734,,False,America/Chicago,
3771,Jack Spinks Stadium,22500,False,Lorman,MS,39096,US,"{'x': 31.873621, 'y': -91.13488}",72.25324249,,False,America/Chicago,
3772,Jack Trice Stadium,61500,False,Ames,IA,50011,US,"{'x': 42.0139977, 'y': -93.6357716}",274.9135437,,False,America/Chicago,
4752,Jahna Field,0,,Winter Haven,FL,33880,US,"{'x': 28.0222435, 'y': -81.7328568}",37.3,,False,,
3774,Jayne Stadium,10000,False,Morehead,KY,40351,US,"{'x': 38.1916481, 'y': -83.4253315}",228.1033936,,False,America/New_York,
4418,Jerry Richardson Stadium,15314,False,Charlotte,NC,28223,US,"{'x': 35.3105033, 'y': -80.7401194}",190.365509,,False,America/New_York,
3644,Jim Wacker Field at Bobcat Stadium,30000,False,San Marcos,TX,78666,US,"{'x': 29.8910008, 'y': -97.9255735}",177.8676453,,False,America/Chicago,
3775,Joan C. Edwards Stadium,38019,False,Huntington,WV,25755,US,"{'x': 38.4247042, 'y': -82.4214412}",163.7328186,,False,America/New_York,
3776,Joe Aillet Stadium,28019,False,Ruston,LA,71272,US,"{'x': 32.5321487, 'y': -92.6560019}",72.87982941,,False,America/Chicago,
3777,Joe Walton Stadium,3000,False,Moon Township,PA,15108,US,"{'x': 40.521046, 'y': -80.2159227}",351.4482422,,False,America/New_York,
3778,John F. Kennedy Stadium,5200,False,Springfield,MO,19148,US,"{'x': 37.191041, 'y': -93.301713}",385.9,,False,America/Chicago,
3725,"Johnny Red"""" Floyd Stadium""""",31000,False,Murfreesboro,TN,37132,US,"{'x': 35.8511463, 'y': -86.3681649}",191.7279816,,False,America/Chicago,
3781,Johnny Unitas Stadium,11000,False,Towson,MD,21252,US,"{'x': 39.3885683, 'y': -76.6159716}",117.6974106,,False,America/New_York,
4728,John O'Quinn Field at TDECU Stadium,40000,False,Houston,TX,77004,US,"{'x': 29.7219885, 'y': -95.3491623}",9.57440567,,False,America/Chicago,
3782,Johnson Hagood Stadium,21000,True,Charleston,SC,29403,US,"{'x': 32.7936975, 'y': -79.9558183}",4.137742996,,False,America/New_York,
3784,Jones AT&T Stadium,60862,False,Lubbock,TX,79409,US,"{'x': 33.5910518, 'y': -101.8728824}",980.7632446,,False,America/Chicago,
3785,Jordan-Hare Stadium,87451,True,Auburn,AL,36849,US,"{'x': 32.6025532, 'y': -85.4897479}",201.1737976,,False,America/Chicago,
3662,JSU Stadium,24000,False,Jacksonville,AL,36265,US,"{'x': 33.8201052, 'y': -85.76647}",198.0679016,,False,America/Chicago,
3786,Kelly/Shorts Stadium,32885,False,Mount Pleasant,MI,48859,US,"{'x': 43.5777313, 'y': -84.7709904}",240.9007721,,False,America/Detroit,
3787,Kenan Memorial Stadium,62980,False,Chapel Hill,NC,27515,US,"{'x': 35.9069294, 'y': -79.0478889}",127.7569809,,False,America/New_York,
3788,Kenneth P. LaValle Stadium,8200,False,Stony Brook,NY,11790,US,"{'x': 40.9188829, 'y': -73.1242966}",32.63183975,,False,America/New_York,
4900,Kermit Tipton Stadium,6600,False,Johnson City,TN,37604,US,"{'x': 36.3269334, 'y': -82.3710142}",544.1551514,,False,America/New_York,
3790,Kessler Field,4000,False,West Long Branch,NJ,7764 ,US,"{'x': 40.279379, 'y': -74.0092635}",9.979202271,,False,America/New_York,
5389,Kessler Stadium,4200,False,West Long Branch,NJ,7764 ,US,"{'x': 40.278953, 'y': -74.009451}",9.9,,False,America/New_York,
3791,Kibbie Dome,16000,False,Moscow,ID,83843,US,"{'x': 46.7262921, 'y': -117.0173713}",794.4794922,,False,America/Los_Angeles,
3792,Kidd Brewer Stadium,24050,False,Boone,NC,28608,US,"{'x': 36.2114267, 'y': -81.6854278}",991.3414307,,False,America/New_York,
3793,Kinnick Stadium,70585,False,Iowa City,IA,52242,US,"{'x': 41.6586045, 'y': -91.5510829}",220.6357727,,False,America/Chicago,
3795,Kyle Field,102733,True,College Station,TX,77843,US,"{'x': 30.6098891, 'y': -96.3403828}",108.824585,,False,America/Chicago,
3797,Ladd Peebles Stadium,33471,False,Mobile,AL,36695,US,"{'x': 30.6730374, 'y': -88.0755704}",9.828813553,,False,America/Chicago,
3798,Lambeau Field,80735,True,Greenbay,WI,54304,US,"{'x': 44.50131, 'y': -88.062273}",192.3498077,,False,America/Chicago,
3799,Lane Stadium,66233,False,Blacksburg,VA,24061,US,"{'x': 37.2199873, 'y': -80.4180643}",632.2631226,,False,America/New_York,
3801,LaVell Edwards Stadium,63725,False,Provo,UT,84602,US,"{'x': 40.2575347, 'y': -111.6545247}",1412.097046,,False,America/Denver,
3802,Lawrence A. Wien Stadium,17000,False,Manhattan,NY,10034,US,"{'x': 40.8732697, 'y': -73.9164594}",10.95070267,,False,America/New_York,
3803,Legion Field,71594,False,Birmingham,AL,35294,US,"{'x': 33.511389, 'y': -86.842778}",174.6382141,,False,America/Chicago,
36,Leonidoff Field,5000,False,Poughkeepsie,NY,12601,US,"{'x': 41.7191409, 'y': -73.9329549}",24.94474983,,False,America/New_York,
4738,Levi's Stadium,68500,False,Santa Clara,CA,95054,US,"{'x': 37.403, 'y': -121.97}",4.531901836,,False,America/Los_Angeles,
3805,Liberty Bowl Memorial Stadium,62380,False,Memphis,TN,38152,US,"{'x': 35.1209429, 'y': -89.977147}",90.62445831,,False,America/Chicago,
3806,Lincoln Financial Field,68532,False,Philadelphia,PA,19122,US,"{'x': 39.9007995, 'y': -75.1675414}",3.198706865,,False,America/New_York,
477,Los Angeles Memorial Coliseum,93607,True,Los Angeles,CA,90089,US,"{'x': 34.014167, 'y': -118.287778}",42.50374222,,False,America/Los_Angeles,
3809,Louis Crews Stadium,21000,False,Huntsville,AL,35810,US,"{'x': 34.7835363, 'y': -86.5784132}",214.9181061,,False,America/Chicago,
3811,Lubbers Stadium,10444,False,Allendale,MI,49401,US,"{'x': 42.968996, 'y': -85.894735}",205.8,,False,America/Detroit,
3812,Lucas Oil Stadium,70000,False,Indianapolis,IN,46225,US,"{'x': 39.760056, 'y': -86.163806}",216.3370361,,False,America/Indiana/Indianapolis,
3816,Mackay Stadium,26000,False,Reno,NV,89557,US,"{'x': 39.5469459, 'y': -119.8175435}",1406.57605,,False,America/Los_Angeles,
3817,Malone Stadium,30427,False,Monroe,LA,71209,US,"{'x': 32.5308089, 'y': -92.0660602}",22.998209,,False,America/Chicago,
3779,Manning Field at John L. Guidry Stadium,10500,False,Thibodaux,LA,70301,US,"{'x': 29.7867254, 'y': -90.80455}",3.23726368,,False,America/Chicago,
4223,Marlins Park,34000,True,Miami,FL,33125,US,"{'x': 25.778056, 'y': -80.219722}",1.853350639,,False,America/New_York,
3820,Martin Stadium,32248,False,Pullman,WA,99164,US,"{'x': 46.731831, 'y': -117.1604991}",773.9526367,,False,America/Los_Angeles,
3665,Maryland Stadium,51802,False,College Park,MD,20742,US,"{'x': 38.9903332, 'y': -76.9473792}",32.68748093,,False,America/New_York,
4727,McLane Stadium,45140,False,Waco,TX,76704,US,"{'x': 31.5582015, 'y': -97.1156702}",117.0538101,,False,America/Chicago,
3824,Meade Stadium,5180,True,Kingston,RI,2881 ,US,"{'x': 41.4879984, 'y': -71.5347458}",32.68801498,,False,America/New_York,
3826,Memorial Field,15000,False,Hanover,NH,3755 ,US,"{'x': 43.701302, 'y': -72.2842781}",152.3080139,,False,America/New_York,
3833,Memorial Stadium,50071,False,Lawrence,KS,66045,US,"{'x': 38.9629418, 'y': -95.2463686}",274.855957,,False,America/Chicago,
3830,Memorial Stadium,52959,False,Bloomington,IN,47408,US,"{'x': 39.1808959, 'y': -86.5256217}",231.6500854,,False,America/Indiana/Indianapolis,
3836,Memorial Stadium,81500,False,Clemson,SC,29634,US,"{'x': 34.6787737, 'y': -82.8432428}",205.6452179,,False,America/New_York,
3832,Memorial Stadium,60670,False,Champaign,IL,61820,US,"{'x': 40.0993268, 'y': -88.2359569}",223.2471619,,False,America/Chicago,
3829,Memorial Stadium,12464,False,Terre Haute,IN,47809,US,"{'x': 39.4746858, 'y': -87.3669599}",155.5213165,,False,America/Indiana/Indianapolis,
3834,Memorial Stadium,86047,False,Lincoln,NE,68588,US,"{'x': 40.820682, 'y': -96.705594}",354.9318848,,False,America/Chicago,
5348,Mercedes-Benz Stadium,71000,False,Atlanta,GA,30313,US,"{'x': 33.755578, 'y': -84.400881}",307.9,,False,America/New_York,
3493,Mercedes-Benz Superdome,76468,False,New Orleans,LA,70112,US,"{'x': 29.950833, 'y': -90.081111}",0.508185744,,False,America/Chicago,
3839,MetLife Stadium,82566,False,East Rutherford,NJ,7073 ,US,"{'x': 40.813611, 'y': -74.074444}",1.68149209,,False,America/New_York,
3558,Michigan Stadium,107601,False,Ann Arbor,MI,48109,US,"{'x': 42.2658365, 'y': -83.7486956}",255.5500031,,False,America/Detroit,
3976,Mississippi Veterans Memorial Stadium,60492,True,Jackson,MS,39216,US,"{'x': 32.3300053, 'y': -90.1795578}",108.4067383,,False,America/Chicago,
3815,M. M. Roberts Stadium,36000,False,Hattiesburg,MS,39402,US,"{'x': 31.3289321, 'y': -89.3318118}",64.52726746,,False,America/Chicago,
4014,Moretz Stadium,8500,,Hickory,NC,27244,US,"{'x': 35.7333312, 'y': -81.3442915}",351.6,,False,,
3842,Mountaineer Field at Milan Puskar Stadium,60000,False,Morgantown,WV,26507,US,"{'x': 39.6502744, 'y': -79.9551873}",327.409668,,False,America/New_York,
3814,M&T Bank Stadium,71008,False,Baltimore,MD,21230,US,"{'x': 39.278056, 'y': -76.622778}",2.961556435,,False,America/New_York,
3848,Multi-Sport Stadium,1200,,Worcester,MA,01613,US,"{'x': 42.2625621, 'y': -71.8018877}",203.4,,False,,
3850,Municipal Stadium,10000,False,Daytona Beach,FL,32114,US,"{'x': 29.173466, 'y': -81.117511}",9.516305923,,False,America/New_York,
3851,Mustang Stadium,3500,,Stevenson,MD,21153,US,"{'x': 39.4102772, 'y': -76.7128314}",154.0,,False,,
3852,Navy-Marine Corps Memorial Stadium,34000,True,Annapolis,MD,21402,US,"{'x': 38.9846985, 'y': -76.5076335}",10.74990082,,False,America/New_York,
5083,New Turner Stadium,4400,,Upland,IN,92602,US,"{'x': 40.456848, 'y': -85.501181}",282.0274963,,False,,
3853,Neyland Stadium,102455,True,Knoxville,TN,37996,US,"{'x': 35.9550131, 'y': -83.9250128}",271.9517212,,False,America/New_York,
3854,Nippert Stadium,40000,False,Cincinnati,OH,45221,US,"{'x': 39.1312495, 'y': -84.5161913}",230.0660553,,False,America/New_York,
3810,Nissan Stadium,68798,False,Nashville,TN,37209,US,"{'x': 36.166479, 'y': -86.7712898}",121.0412598,,False,America/Chicago,
3855,Notre Dame Stadium,80795,False,Notre Dame,IN,46556,US,"{'x': 41.698378, 'y': -86.2339425}",222.645401,,False,America/Indiana/Indianapolis,
3856,Nottingham Field,8533,True,Greeley,CO,80639,US,"{'x': 40.403493, 'y': -104.705139}",1455.349976,,False,America/Denver,
3891,NRG Stadium,72220,True,Houston,TX,77054,US,"{'x': 29.684722, 'y': -95.410833}",15.19169617,,False,America/Chicago,
3858,O'Brien Stadium,10000,False,Charleston,IL,61920,US,"{'x': 39.4804965, 'y': -88.1811618}",212.9662933,,False,America/Chicago,
3861,Ohio Stadium,104944,False,Columbus,OH,43210,US,"{'x': 40.0016447, 'y': -83.0197266}",216.6770325,,False,America/New_York,
3862,O'Kelly-Riddick Stadium,10000,False,Durham,NC,27707,US,"{'x': 35.9738646, 'y': -78.896969}",96.73323059,,False,America/New_York,
3864,Oliver C. Dawson Stadium,22000,False,Orangeburg,SC,29115,US,"{'x': 33.4986313, 'y': -80.8446857}",67.29846191,,False,America/New_York,
5403,Orlando City Stadium,0,,Orlanda,FL,,US,"{'x': 26.32122435, 'y': -81.6929573490656}",,,True,,
3868,Paladin Stadium,16000,False,Greenville,SC,29617,US,"{'x': 34.920192, 'y': -82.4370917}",303.2829285,,False,America/New_York,
5238,Panther Stadium,15000,True,Prairie View,TX,28202,US,"{'x': 30.0937874, 'y': -95.9960913}",77.36286926,,False,America/Chicago,
3873,Papa John's Cardinal Stadium,55000,False,Louisville,KY,40292,US,"{'x': 38.2057621, 'y': -85.7588141}",138.5615997,,False,America/Kentucky/Louisville,
3874,Paul Brown Stadium,66515,False,Cincinnati,OH,45202,US,"{'x': 39.095555, 'y': -84.516071}",146.3,,False,America/New_York,
3608,Paulson Stadium,24300,False,Statesboro,GA,30460,US,"{'x': 32.4122471, 'y': -81.7849296}",61.25376892,,False,America/New_York,
3876,Peden Stadium,24000,False,Athens,OH,45701,US,"{'x': 39.3212794, 'y': -82.1034315}",194.230896,,False,America/New_York,
3878,Plaster Sports Complex,17500,False,Springfield,MO,65897,US,"{'x': 37.1976229, 'y': -93.2798119}",402.368103,,False,America/Chicago,
3881,Princeton University Stadium,27800,False,Princeton,NJ,8540 ,US,"{'x': 40.3457928, 'y': -74.6500047}",32.00296402,,False,America/New_York,
3485,Providence Park,19566,False,Portland,OR,97205,US,"{'x': 45.5215978, 'y': -122.6916811}",23.84255791,,False,America/Los_Angeles,
3882,Provost Umphrey Stadium,16000,False,Beaumont,TX,77705,US,"{'x': 30.04313, 'y': -94.069963}",3.981505394,,False,America/Chicago,
3932,Qualcomm Stadium,70561,False,San Diego,CA,92108,US,"{'x': 32.7831122, 'y': -117.1195716}",16.28476334,,False,America/Los_Angeles,
3886,Raymond James Stadium,65857,False,Tampa,FL,33620,US,"{'x': 27.9758691, 'y': -82.5033344}",11.07972908,,False,America/New_York,
3889,Reinhart Field,3500,False,Bronx,NY,10465,US,"{'x': 40.807528, 'y': -73.797744}",7.0,,False,America/New_York,
3892,Rentschler Field,40000,False,East Hartford,CT,6118 ,US,"{'x': 41.7595675, 'y': -72.6187728}",6.515614986,,False,America/New_York,
3893,Reser Stadium,45674,False,Corvallis,OR,97331,US,"{'x': 44.5594559, 'y': -123.2814341}",66.90744781,,False,America/Los_Angeles,
3491,RFK Stadium,45596,True,Washington,DC,20003,US,"{'x': 38.88981, 'y': -76.971809}",3.029993296,,False,America/New_York,
3894,Rhodes Stadium,11250,True,Elon,NC,77493,US,"{'x': 36.1101269, 'y': -79.5079979}",204.2487793,,False,America/New_York,
587,Rice-Eccles Stadium,45807,False,Salt Lake City,UT,84112,US,"{'x': 40.7599724, 'y': -111.8488255}",1411.543579,,False,America/Denver,
3895,Rice Stadium,47000,False,Houston,TX,77251,US,"{'x': 29.7163297, 'y': -95.4093261}",7.148301601,,False,America/Chicago,
3896,Rice-Totten Field,10000,True,Itta Bena,MS,38941,US,"{'x': 33.5118304, 'y': -90.3397718}",39.88368607,,False,America/Chicago,
3897,Richardson Stadium,6000,False,Davidson,NC,28036,US,"{'x': 35.4995744, 'y': -80.8428419}",249.4658203,,False,America/New_York,
453,Robertson Stadium,32000,False,Houston,TX,77004,US,"{'x': 29.722053, 'y': -95.349175}",9.6,,False,America/Chicago,
3905,Romney Stadium,25513,False,Logan,UT,84322,US,"{'x': 41.7517394, 'y': -111.8116007}",1427.914429,,False,America/Denver,
3906,Roos Field,8600,False,Cheney,WA,99004,US,"{'x': 47.49278, 'y': -117.587353}",750.2774658,,False,America/Los_Angeles,
1056,Rose Bowl,92542,False,Pasadena,CA,90095,US,"{'x': 34.1613284, 'y': -118.1676462}",245.1772461,,False,America/Los_Angeles,
3907,Ross-Ade Stadium,57236,False,West Lafayette,IN,47907,US,"{'x': 40.4352253, 'y': -86.9186843}",197.5337677,,False,America/Indiana/Indianapolis,
3908,Roy Kidd Stadium,20000,False,Richmond,KY,40475,US,"{'x': 37.7344109, 'y': -84.2972854}",298.1834717,,False,America/New_York,
3909,Roy Stewart Stadium,16800,False,Murray,KY,42071,US,"{'x': 36.6215165, 'y': -88.3175531}",152.6495667,,False,America/Chicago,
3911,Ryan Field,47130,False,Evanston,IL,60208,US,"{'x': 42.0653994, 'y': -87.6924751}",181.2376099,,False,America/Chicago,
3912,Rynearson Stadium,30200,False,Ypsilanti,MI,48197,US,"{'x': 42.256126, 'y': -83.647285}",241.248764,,False,America/Detroit,
3913,Saluki Stadium,15276,False,Carbondale,IL,62901,US,"{'x': 37.708637, 'y': -89.216212}",126.7586365,,False,America/Chicago,
3914,Sam Boyd Stadium,36800,False,Whitney,NV,89154,US,"{'x': 36.085935, 'y': -115.01731}",490.0622253,,False,America/Los_Angeles,
3917,Sanford Stadium,92746,True,Athens,GA,30602,US,"{'x': 33.9498197, 'y': -83.3733813}",186.1120758,,False,America/New_York,
3919,Scheumann Stadium,22500,False,Muncie,IN,47306,US,"{'x': 40.2159422, 'y': -85.4161148}",285.481781,,False,America/Indiana/Indianapolis,
3921,Schoellkopf Field,25597,False,Ithaca,NY,14850,US,"{'x': 42.4439016, 'y': -76.4785398}",257.3187561,,False,America/New_York,
3923,Scott Stadium,61500,False,Charlottesville,VA,22904,US,"{'x': 38.0311801, 'y': -78.5137897}",170.4677429,,False,America/New_York,
3925,Seibert Stadium,6700,False,Homewood,AL,35229,US,"{'x': 33.463273, 'y': -86.795326}",208.0207825,,False,America/Chicago,
3926,Setzler Field,4000,,Newberry,SC,29108,US,"{'x': 34.286133, 'y': -81.622539}",160.5950775,,False,,
6577,SHI Stadium,52454,,Piscataway,NJ,08854,US,"{'x': 40.5462553, 'y': -74.4660408}",,,False,,
3928,Shotwell Stadium,15075,False,Abilene,TX,79602,US,"{'x': 32.4336917, 'y': -99.6986246}",530.4555664,,False,America/Chicago,
3674,Skelly Field at H. A. Chapman Stadium,30000,False,Tulsa,OK,74194,US,"{'x': 36.1489175, 'y': -95.9437853}",235.5928345,,False,America/Chicago,
3933,Soldier Field,61500,True,Chicago,IL,60605,US,"{'x': 41.8625, 'y': -87.616667}",177.420578,,False,America/Chicago,
3761,Sonny Lubick Field at Hughes Stadium,34400,False,Fort Collins,CO,80526,US,"{'x': 40.5621183, 'y': -105.1416248}",1574.920898,,False,America/Denver,
3935,Spartan Stadium,30456,False,San Jose,CA,95112,US,"{'x': 37.3196675, 'y': -121.8682962}",28.30708694,,False,America/Los_Angeles,
3936,Spartan Stadium,75005,False,East Lansing,MI,48824,US,"{'x': 42.7281474, 'y': -84.4848526}",254.8794861,,False,America/Detroit,
4416,Spec Martin Municipal Stadium,6000,,DeLand,FL,32720,US,"{'x': 29.0208575, 'y': -81.2993746}",14.65544891,,False,,
3937,Sports Authority Field at Mile High,76273,True,Denver,CO,80204,US,"{'x': 39.743889, 'y': -105.02}",1583.532593,,False,America/Denver,
844,Stambaugh Stadium,20650,False,Youngstown,OH,44502,US,"{'x': 41.1092964, 'y': -80.6501885}",298.8893127,,False,America/New_York,
3940,Stanford Stadium,50424,False,Stanford,CA,94305,US,"{'x': 37.4345556, 'y': -122.1611271}",18.38425636,,False,America/Los_Angeles,
5263,Steele Stadium,3000,,Owensboro,KY,,US,"{'x': 37.742297, 'y': -87.119976}",122.5809097,,False,,
3716,"Stewart """"Red"""" Faught Stadium",4000,,Franklin,IN,92620,US,"{'x': 33.704156, 'y': -117.75109}",222.7,,False,,
3942,Stewart Stadium,17000,False,Ogden,UT,84408,US,"{'x': 41.1918741, 'y': -111.9401391}",1451.553711,,False,America/Denver,
3944,Strawberry Stadium,7408,False,Hammond,LA,70401,US,"{'x': 30.5110264, 'y': -90.4685792}",13.7104578,,False,America/Chicago,
538,StubHub Center,0,False,Carson,CA,92620,US,"{'x': 33.8322043, 'y': -118.2517547}",,,,,
3768,Summa Field at InfoCision Stadium,30000,False,Akron,OH,44399,US,"{'x': 41.0725534, 'y': -81.5083408}",321.2875061,,False,America/New_York,
3946,Sun Bowl Stadium,51500,False,El Paso,TX,79968,US,"{'x': 31.7733353, 'y': -106.507957}",1183.697876,,False,America/Denver,
3947,Sun Devil Stadium,56232,False,Tempe,AZ,85287,US,"{'x': 33.4264471, 'y': -111.9325005}",360.1569519,,False,America/Phoenix,
5319,SunTrust Park,41084,True,Atlanta,GA,30339,US,"{'x': 33.890817, 'y': -84.467656}",289.7,,False,America/New_York,
3950,Superior Dome,8000,False,Marquette,MI,70118,US,"{'x': 46.560589, 'y': -87.393741}",186.4,,False,America/Detroit,
3953,TCF Bank Stadium,50805,False,Minneapolis,MN,55488,US,"{'x': 44.976525, 'y': -93.2245462}",254.3902283,,False,America/Chicago,
3952,Ted Wright Stadium,7500,False,Savannah,GA,31404,US,"{'x': 32.0274346, 'y': -81.0687492}",6.564679146,,False,America/New_York,
4750,The Reservation,10000,,Gaffney,SC,29342,US,"{'x': 35.0717945, 'y': -81.6498195}",212.4,,False,,
4779,Thomas Robinson Stadium,15023,True,Nassau,,,BS,"{'x': 25.055569, 'y': -77.358736}",3.182889223,,False,,
3958,Tiger Stadium,102321,True,Baton Rouge,LA,70803,US,"{'x': 30.412035, 'y': -91.1838163}",7.640734673,,False,America/Chicago,
716,Torero Stadium,6000,True,San Diego,CA,92111,US,"{'x': 32.7730674, 'y': -117.183721}",57.95064545,,False,America/Los_Angeles,
5096,Toyota Stadium,5000,,Georgetown,KY,40324,US,"{'x': 38.204444, 'y': -84.545556}",270.7148743,,False,,
1400,Toyota Stadium,20500,True,Frisco,TX,75033,US,"{'x': 33.154444, 'y': -96.835278}",181.3815918,,False,America/Chicago,
4113,Tropicana Field,31042,False,Saint Petersburg,FL,33705,US,"{'x': 27.768333, 'y': -82.653333}",12.19581413,,False,America/New_York,
3962,Tucker Stadium,16500,False,Cookeville,TN,38501,US,"{'x': 36.1780555, 'y': -85.506183}",340.8609314,,False,America/Chicago,
5015,Turner Stadium,4400,,Upland,IN,92602,US,"{'x': 40.456862, 'y': -85.501228}",282.0275574,,False,,
3965,UB Stadium,29013,False,Amherst,NY,14260,US,"{'x': 42.9991334, 'y': -78.7775113}",181.5759735,,False,America/New_York,
3967,UNI-Dome,16000,False,Cedar Falls,IA,50614,US,"{'x': 42.5156111, 'y': -92.4672307}",281.8959656,,False,America/Chicago,
3969,University Field (NY),10000,True,Albany,NY,12206,US,"{'x': 42.680981, 'y': -73.827276}",70.1,,False,America/New_York,
3970,University of Phoenix Stadium,63400,True,Glendale,AZ,85305,US,"{'x': 33.527607, 'y': -112.262559}",325.6211243,,False,America/Phoenix,
3971,University Stadium,39224,False,Albuquerque,NM,87131,US,"{'x': 35.0669479, 'y': -106.6283225}",1554.471924,,False,America/Denver,
3973,Vanderbilt Stadium,40350,False,Nashville,TN,37212,US,"{'x': 36.1440455, 'y': -86.8088942}",159.9194641,,False,America/Chicago,
3974,Vaught-Hemingway Stadium,64038,True,Oxford,MS,38677,US,"{'x': 34.3619837, 'y': -89.5342076}",146.8517151,,False,America/Chicago,
3975,Veterans Memorial Stadium,30000,False,Troy,AL,36082,US,"{'x': 31.7995565, 'y': -85.9518328}",154.7746277,,False,America/Chicago,
717,Villanova Stadium,12500,False,Villanova,PA,19085,US,"{'x': 40.0343329, 'y': -75.3367666}",127.3836746,,False,America/New_York,
3979,Wagner College Stadium,3300,False,Staten Island,NY,10301,US,"{'x': 40.614688, 'y': -74.090639}",63.39014053,,False,America/New_York,
3980,Waldo Stadium,30200,False,Kalamazoo,MI,49008,US,"{'x': 42.2860064, 'y': -85.6007573}",243.8211212,,False,America/Detroit,
2023,Walkup Skydome,15300,False,Flagstaff,AZ,86001,US,"{'x': 35.1805483, 'y': -111.6528377}",2097.884766,,False,America/Phoenix,
3982,Wallace Wade Stadium,40000,False,Durham,NC,27708,US,"{'x': 35.9953688, 'y': -78.9417564}",103.0028152,,False,America/New_York,
3983,War Memorial Stadium,54120,False,Little Rock,AR,72205,US,"{'x': 34.749848, 'y': -92.330127}",112.1398163,,False,America/Chicago,
3984,War Memorial Stadium,29181,False,Laramie,WY,82071,US,"{'x': 41.31161, 'y': -105.5681384}",2200.153564,,False,America/Denver,
3985,Warren McGuirk Alumni Stadium,17000,False,Hadley,MA,1003 ,US,"{'x': 42.3773244, 'y': -72.5360595}",46.58664703,,False,America/New_York,
3987,Washington-Grizzly Stadium,25200,False,Missoula,MT,59812,US,"{'x': 46.8638753, 'y': -113.9815042}",970.345459,,False,America/Denver,
3988,Welcome Stadium,11000,False,Dayton,OH,45417,US,"{'x': 39.7369239, 'y': -84.1981068}",222.4020081,,False,America/New_York,
3688,Wildcat Stadium,11015,False,Durham,NH,3824 ,US,"{'x': 43.1386231, 'y': -70.9393077}",19.05943298,,False,America/New_York,
5440,Wildcat Stadium (TX),12000,False,Abilene,TX,79601,US,"{'x': 32.472275, 'y': -99.710464}",520.9,,False,America/Chicago,
5400,William B. Greene Jr. Stadium,7694,False,Johnson City,TN,37604,US,"{'x': 36.299084, 'y': -82.374117}",512.5,,False,America/New_York,
3991,"William Dick"""" Price Stadium""""",30000,False,Norfolk,VA,23504,US,"{'x': 36.8469442, 'y': -76.2600839}",4.916433334,,False,America/New_York,
3990,William H. Greene Stadium,7086,False,Washington,DC,20059,US,"{'x': 38.925487, 'y': -77.021047}",53.46718979,,False,America/New_York,
3994,Williams-Brice Stadium,80250,True,Columbia,SC,29208,US,"{'x': 33.9730239, 'y': -81.0191726}",60.54548645,,False,America/New_York,
3992,Williams Stadium,19200,False,Lynchburg,VA,24502,US,"{'x': 37.3544305, 'y': -79.1750239}",272.9237061,,False,America/New_York,
4250,Wrigley Field,0,,Chicago,IL,60654,US,"{'x': 41.8755616, 'y': -87.6244212}",,,False,,
3996,Yager Stadium,24286,False,Oxford,OH,45056,US,"{'x': 39.5197009, 'y': -84.7330255}",242.2643585,,False,America/New_York,
3997,Yale Bowl,61446,False,New Haven,CT,6520 ,US,"{'x': 41.3132441, 'y': -72.9605333}",5.302621841,,False,America/New_York,
4102,Yankee Stadium,54251,False,New York,NY,10451,US,"{'x': 40.829167, 'y': -73.926389}",6.745362282,,False,America/New_York,
3998,Zable Stadium,12259,False,Williamsburg,VA,23186,US,"{'x': 37.2730996, 'y': -76.7137202}",26.07615852,,False,America/New_York,
