game_id,team,category,stat
400869186,New Mexico,rushingTDs,4
400869186,New Mexico,puntReturnYards,9
400869186,New Mexico,puntReturnTDs,0
400869186,New Mexico,puntReturns,1
400869186,New Mexico,passingTDs,0
400869186,New Mexico,kickReturnYards,101
400869186,New Mexico,kickReturnTDs,0
400869186,New Mexico,kickReturns,3
400869186,New Mexico,kickingPoints,7
400869186,New Mexico,fumblesRecovered,0
400869186,New Mexico,totalFumbles,1
400869186,New Mexico,tacklesForLoss,9
400869186,New Mexico,defensiveTDs,0
400869186,New Mexico,tackles,29
400869186,New Mexico,sacks,5
400869186,New Mexico,qbHurries,0
400869186,New Mexico,passesDeflected,4
400869186,New Mexico,firstDowns,23
400869186,New Mexico,thirdDownEff,3-10
400869186,New Mexico,fourthDownEff,2-3
400869186,New Mexico,totalYards,336
400869186,New Mexico,netPassingYards,115
400869186,New Mexico,completionAttempts,12-23
400869186,New Mexico,yardsPerPass,5.0
400869186,New Mexico,rushingYards,221
400869186,New Mexico,rushingAttempts,45
400869186,New Mexico,yardsPerRushAttempt,4.9
400869186,New Mexico,totalPenaltiesYards,5-55
400869186,New Mexico,turnovers,2
400869186,New Mexico,fumblesLost,1
400869186,New Mexico,interceptions,1
400869186,New Mexico,possessionTime,32:20
400869105,Washington,rushingTDs,1
400869105,Washington,puntReturnYards,7
400869105,Washington,puntReturnTDs,0
400869105,Washington,puntReturns,2
400869105,Washington,passingTDs,6
400869105,Washington,kickReturnYards,65
400869105,Washington,kickReturnTDs,0
400869105,Washington,kickReturns,2
400869105,Washington,kickingPoints,11
400869105,Washington,interceptionYards,46
400869105,Washington,interceptionTDs,1
400869105,Washington,passesIntercepted,1
400869105,Washington,fumblesRecovered,2
400869105,Washington,totalFumbles,1
400869105,Washington,tacklesForLoss,9
400869105,Washington,defensiveTDs,1
400869105,Washington,tackles,52
400869105,Washington,sacks,4
400869105,Washington,qbHurries,0
400869105,Washington,passesDeflected,2
400869105,Washington,firstDowns,27
400869105,Washington,thirdDownEff,5-10
400869105,Washington,fourthDownEff,0-0
400869105,Washington,totalYards,482
400869105,Washington,netPassingYards,356
400869105,Washington,completionAttempts,27-33
400869105,Washington,yardsPerPass,10.8
400869105,Washington,rushingYards,126
400869105,Washington,rushingAttempts,30
400869105,Washington,yardsPerRushAttempt,4.2
400869105,Washington,totalPenaltiesYards,4-30
400869105,Washington,turnovers,1
400869105,Washington,fumblesLost,1
400869105,Washington,interceptions,0
400869105,Washington,possessionTime,26:45
400868947,Nevada,fumblesRecovered,0
400868947,Nevada,rushingTDs,1
400868947,Nevada,puntReturnYards,7
400868947,Nevada,puntReturnTDs,0
400868947,Nevada,puntReturns,2
400868947,Nevada,passingTDs,0
400868947,Nevada,kickReturnYards,41
400868947,Nevada,kickReturnTDs,0
400868947,Nevada,kickReturns,3
400868947,Nevada,kickingPoints,4
400868947,Nevada,interceptionYards,0
400868947,Nevada,interceptionTDs,0
400868947,Nevada,passesIntercepted,1
400868947,Nevada,tacklesForLoss,6
400868947,Nevada,defensiveTDs,0
400868947,Nevada,tackles,56
400868947,Nevada,sacks,0
400868947,Nevada,qbHurries,1
400868947,Nevada,passesDeflected,1
400868947,Nevada,firstDowns,16
400868947,Nevada,thirdDownEff,3-12
400868947,Nevada,fourthDownEff,0-1
400868947,Nevada,totalYards,300
400868947,Nevada,netPassingYards,201
400868947,Nevada,completionAttempts,12-26
400868947,Nevada,yardsPerPass,7.7
400868947,Nevada,rushingYards,99
400868947,Nevada,rushingAttempts,30
400868947,Nevada,yardsPerRushAttempt,3.3
400868947,Nevada,totalPenaltiesYards,11-88
400868947,Nevada,turnovers,1
400868947,Nevada,fumblesLost,0
400868947,Nevada,interceptions,1
400868947,Nevada,possessionTime,26:28
400868984,Nicholls,rushingTDs,1
400868984,Nicholls,puntReturnYards,1
400868984,Nicholls,puntReturnTDs,0
400868984,Nicholls,puntReturns,1
400868984,Nicholls,passingTDs,2
400868984,Nicholls,kickReturnYards,35
400868984,Nicholls,kickReturnTDs,0
400868984,Nicholls,kickReturns,2
400868984,Nicholls,kickingPoints,6
400868984,Nicholls,interceptionYards,91
400868984,Nicholls,interceptionTDs,0
400868984,Nicholls,passesIntercepted,1
400868984,Nicholls,fumblesRecovered,2
400868984,Nicholls,totalFumbles,1
400868984,Nicholls,tacklesForLoss,7
400868984,Nicholls,defensiveTDs,0
400868984,Nicholls,tackles,28
400868984,Nicholls,sacks,1
400868984,Nicholls,qbHurries,0
400868984,Nicholls,passesDeflected,2
400868984,Nicholls,firstDowns,12
400868984,Nicholls,thirdDownEff,6-16
400868984,Nicholls,fourthDownEff,1-1
400868984,Nicholls,totalYards,236
400868984,Nicholls,netPassingYards,111
400868984,Nicholls,completionAttempts,11-21
400868984,Nicholls,yardsPerPass,5.3
400868984,Nicholls,rushingYards,125
400868984,Nicholls,rushingAttempts,40
400868984,Nicholls,yardsPerRushAttempt,3.1
400868984,Nicholls,totalPenaltiesYards,4-18
400868984,Nicholls,turnovers,3
400868984,Nicholls,fumblesLost,1
400868984,Nicholls,interceptions,2
400868984,Nicholls,possessionTime,31:26
400868983,Kentucky,rushingTDs,1
400868983,Kentucky,passingTDs,0
400868983,Kentucky,kickReturnYards,48
400868983,Kentucky,kickReturnTDs,0
400868983,Kentucky,kickReturns,2
400868983,Kentucky,kickingPoints,1
400868983,Kentucky,interceptionYards,10
400868983,Kentucky,interceptionTDs,0
400868983,Kentucky,passesIntercepted,1
400868983,Kentucky,fumblesRecovered,0
400868983,Kentucky,totalFumbles,1
400868983,Kentucky,tacklesForLoss,3
400868983,Kentucky,defensiveTDs,0
400868983,Kentucky,tackles,40
400868983,Kentucky,sacks,0
400868983,Kentucky,qbHurries,2
400868983,Kentucky,passesDeflected,3
400868983,Kentucky,firstDowns,9
400868983,Kentucky,thirdDownEff,4-12
400868983,Kentucky,fourthDownEff,0-0
400868983,Kentucky,totalYards,149
400868983,Kentucky,netPassingYards,55
400868983,Kentucky,completionAttempts,3-14
400868983,Kentucky,yardsPerPass,3.9
400868983,Kentucky,rushingYards,94
400868983,Kentucky,rushingAttempts,34
400868983,Kentucky,yardsPerRushAttempt,2.8
400868983,Kentucky,totalPenaltiesYards,2-25
400868983,Kentucky,turnovers,4
400868983,Kentucky,fumblesLost,1
400868983,Kentucky,interceptions,3
400868983,Kentucky,possessionTime,22:34
400868989,Virginia Tech,rushingTDs,2
400868989,Virginia Tech,passingTDs,1
400868989,Virginia Tech,kickReturnYards,106
400868989,Virginia Tech,kickReturnTDs,0
400868989,Virginia Tech,kickReturns,5
400868989,Virginia Tech,kickingPoints,6
400868989,Virginia Tech,interceptionYards,3
400868989,Virginia Tech,interceptionTDs,0
400868989,Virginia Tech,passesIntercepted,1
400868989,Virginia Tech,fumblesRecovered,0
400868989,Virginia Tech,totalFumbles,5
400868989,Virginia Tech,tacklesForLoss,7
400868989,Virginia Tech,defensiveTDs,0
400868989,Virginia Tech,tackles,34
400868989,Virginia Tech,sacks,2
400868989,Virginia Tech,qbHurries,0
400868989,Virginia Tech,passesDeflected,3
400868989,Virginia Tech,firstDowns,21
400868989,Virginia Tech,thirdDownEff,6-13
400868989,Virginia Tech,fourthDownEff,0-0
400868989,Virginia Tech,totalYards,400
400868989,Virginia Tech,netPassingYards,214
400868989,Virginia Tech,completionAttempts,20-28
400868989,Virginia Tech,yardsPerPass,7.6
400868989,Virginia Tech,rushingYards,186
400868989,Virginia Tech,rushingAttempts,45
400868989,Virginia Tech,yardsPerRushAttempt,4.1
400868989,Virginia Tech,totalPenaltiesYards,8-101
400868989,Virginia Tech,turnovers,5
400868989,Virginia Tech,fumblesLost,5
400868989,Virginia Tech,interceptions,0
400868989,Virginia Tech,possessionTime,31:44
400868987,Mississippi State,rushingTDs,0
400868987,Mississippi State,puntReturnYards,37
400868987,Mississippi State,puntReturnTDs,0
400868987,Mississippi State,puntReturns,4
400868987,Mississippi State,passingTDs,3
400868987,Mississippi State,kickReturnYards,14
400868987,Mississippi State,kickReturnTDs,0
400868987,Mississippi State,kickReturns,1
400868987,Mississippi State,kickingPoints,9
400868987,Mississippi State,interceptionYards,0
400868987,Mississippi State,interceptionTDs,0
400868987,Mississippi State,passesIntercepted,1
400868987,Mississippi State,fumblesRecovered,0
400868987,Mississippi State,totalFumbles,1
400868987,Mississippi State,tacklesForLoss,11
400868987,Mississippi State,defensiveTDs,0
400868987,Mississippi State,tackles,25
400868987,Mississippi State,sacks,4
400868987,Mississippi State,qbHurries,6
400868987,Mississippi State,passesDeflected,3
400868987,Mississippi State,firstDowns,24
400868987,Mississippi State,thirdDownEff,6-14
400868987,Mississippi State,fourthDownEff,0-2
400868987,Mississippi State,totalYards,485
400868987,Mississippi State,netPassingYards,195
400868987,Mississippi State,completionAttempts,20-30
400868987,Mississippi State,yardsPerPass,6.5
400868987,Mississippi State,rushingYards,290
400868987,Mississippi State,rushingAttempts,45
400868987,Mississippi State,yardsPerRushAttempt,6.4
400868987,Mississippi State,totalPenaltiesYards,6-60
400868987,Mississippi State,turnovers,1
400868987,Mississippi State,fumblesLost,0
400868987,Mississippi State,interceptions,1
400868987,Mississippi State,possessionTime,29:55
400868991,Middle Tennessee,rushingTDs,0
400868991,Middle Tennessee,puntReturnYards,15
400868991,Middle Tennessee,puntReturnTDs,0
400868991,Middle Tennessee,puntReturns,4
400868991,Middle Tennessee,passingTDs,3
400868991,Middle Tennessee,kickReturnYards,81
400868991,Middle Tennessee,kickReturnTDs,0
400868991,Middle Tennessee,kickReturns,4
400868991,Middle Tennessee,kickingPoints,6
400868991,Middle Tennessee,fumblesRecovered,1
400868991,Middle Tennessee,totalFumbles,2
400868991,Middle Tennessee,tacklesForLoss,8
400868991,Middle Tennessee,defensiveTDs,0
400868991,Middle Tennessee,tackles,42
400868991,Middle Tennessee,sacks,2
400868991,Middle Tennessee,qbHurries,1
400868991,Middle Tennessee,passesDeflected,2
400868991,Middle Tennessee,firstDowns,25
400868991,Middle Tennessee,thirdDownEff,10-19
400868991,Middle Tennessee,fourthDownEff,0-2
400868991,Middle Tennessee,totalYards,495
400868991,Middle Tennessee,netPassingYards,399
400868991,Middle Tennessee,completionAttempts,38-65
400868991,Middle Tennessee,yardsPerPass,6.1
400868991,Middle Tennessee,rushingYards,96
400868991,Middle Tennessee,rushingAttempts,21
400868991,Middle Tennessee,yardsPerRushAttempt,4.6
400868991,Middle Tennessee,totalPenaltiesYards,9-92
400868991,Middle Tennessee,turnovers,2
400868991,Middle Tennessee,fumblesLost,1
400868991,Middle Tennessee,interceptions,1
400868991,Middle Tennessee,possessionTime,28:58
400868980,Western Kentucky,rushingTDs,0
400868980,Western Kentucky,puntReturnYards,13
400868980,Western Kentucky,puntReturnTDs,0
400868980,Western Kentucky,puntReturns,2
400868980,Western Kentucky,passingTDs,1
400868980,Western Kentucky,kickReturnYards,61
400868980,Western Kentucky,kickReturnTDs,0
400868980,Western Kentucky,kickReturns,4
400868980,Western Kentucky,kickingPoints,4
400868980,Western Kentucky,fumblesRecovered,3
400868980,Western Kentucky,totalFumbles,2
400868980,Western Kentucky,tacklesForLoss,2
400868980,Western Kentucky,defensiveTDs,0
400868980,Western Kentucky,tackles,47
400868980,Western Kentucky,sacks,2
400868980,Western Kentucky,qbHurries,5
400868980,Western Kentucky,passesDeflected,3
400868980,Western Kentucky,firstDowns,12
400868980,Western Kentucky,thirdDownEff,6-16
400868980,Western Kentucky,fourthDownEff,0-1
400868980,Western Kentucky,totalYards,239
400868980,Western Kentucky,netPassingYards,216
400868980,Western Kentucky,completionAttempts,19-38
400868980,Western Kentucky,yardsPerPass,5.7
400868980,Western Kentucky,rushingYards,23
400868980,Western Kentucky,rushingAttempts,22
400868980,Western Kentucky,yardsPerRushAttempt,1.0
400868980,Western Kentucky,totalPenaltiesYards,2-16
400868980,Western Kentucky,turnovers,2
400868980,Western Kentucky,fumblesLost,0
400868980,Western Kentucky,interceptions,2
400868980,Western Kentucky,possessionTime,24:16
400868986,Wofford,rushingTDs,1
400868986,Wofford,passingTDs,0
400868986,Wofford,kickReturnYards,64
400868986,Wofford,kickReturnTDs,0
400868986,Wofford,kickReturns,4
400868986,Wofford,kickingPoints,7
400868986,Wofford,interceptionYards,0
400868986,Wofford,interceptionTDs,0
400868986,Wofford,passesIntercepted,1
400868986,Wofford,fumblesRecovered,0
400868986,Wofford,totalFumbles,2
400868986,Wofford,tacklesForLoss,2
400868986,Wofford,defensiveTDs,0
400868986,Wofford,tackles,41
400868986,Wofford,sacks,0
400868986,Wofford,qbHurries,1
400868986,Wofford,passesDeflected,1
400868986,Wofford,firstDowns,18
400868986,Wofford,thirdDownEff,6-16
400868986,Wofford,fourthDownEff,2-3
400868986,Wofford,totalYards,305
400868986,Wofford,netPassingYards,72
400868986,Wofford,completionAttempts,5-9
400868986,Wofford,yardsPerPass,8.0
400868986,Wofford,rushingYards,233
400868986,Wofford,rushingAttempts,57
400868986,Wofford,yardsPerRushAttempt,4.1
400868986,Wofford,totalPenaltiesYards,2-25
400868986,Wofford,turnovers,1
400868986,Wofford,fumblesLost,1
400868986,Wofford,interceptions,0
400868986,Wofford,possessionTime,35:26
400868981,TCU,rushingTDs,4
400868981,TCU,puntReturnYards,33
400868981,TCU,puntReturnTDs,0
400868981,TCU,puntReturns,2
400868981,TCU,passingTDs,1
400868981,TCU,kickReturnYards,155
400868981,TCU,kickReturnTDs,0
400868981,TCU,kickReturns,5
400868981,TCU,kickingPoints,8
400868981,TCU,fumblesRecovered,0
400868981,TCU,totalFumbles,1
400868981,TCU,tacklesForLoss,5
400868981,TCU,defensiveTDs,0
400868981,TCU,tackles,38
400868981,TCU,sacks,1
400868981,TCU,qbHurries,4
400868981,TCU,passesDeflected,7
400868981,TCU,firstDowns,25
400868981,TCU,thirdDownEff,12-19
400868981,TCU,fourthDownEff,1-1
400868981,TCU,totalYards,572
400868981,TCU,netPassingYards,377
400868981,TCU,completionAttempts,36-58
400868981,TCU,yardsPerPass,6.5
400868981,TCU,rushingYards,195
400868981,TCU,rushingAttempts,32
400868981,TCU,yardsPerRushAttempt,6.1
400868981,TCU,totalPenaltiesYards,9-95
400868981,TCU,turnovers,2
400868981,TCU,fumblesLost,1
400868981,TCU,interceptions,1
400868981,TCU,possessionTime,26:53
400868982,Arkansas State,rushingTDs,2
400868982,Arkansas State,passingTDs,0
400868982,Arkansas State,kickReturnYards,25
400868982,Arkansas State,kickReturnTDs,0
400868982,Arkansas State,kickReturns,1
400868982,Arkansas State,kickingPoints,2
400868982,Arkansas State,fumblesRecovered,1
400868982,Arkansas State,totalFumbles,0
400868982,Arkansas State,tacklesForLoss,5
400868982,Arkansas State,defensiveTDs,0
400868982,Arkansas State,tackles,53
400868982,Arkansas State,sacks,1
400868982,Arkansas State,qbHurries,3
400868982,Arkansas State,passesDeflected,1
400868982,Arkansas State,firstDowns,14
400868982,Arkansas State,thirdDownEff,5-16
400868982,Arkansas State,fourthDownEff,2-4
400868982,Arkansas State,totalYards,326
400868982,Arkansas State,netPassingYards,260
400868982,Arkansas State,completionAttempts,19-30
400868982,Arkansas State,yardsPerPass,8.7
400868982,Arkansas State,rushingYards,66
400868982,Arkansas State,rushingAttempts,35
400868982,Arkansas State,yardsPerRushAttempt,1.9
400868982,Arkansas State,totalPenaltiesYards,10-71
400868982,Arkansas State,turnovers,0
400868982,Arkansas State,fumblesLost,0
400868982,Arkansas State,interceptions,0
400868982,Arkansas State,possessionTime,24:18
400868985,Jacksonville State,rushingTDs,0
400868985,Jacksonville State,puntReturnYards,5
400868985,Jacksonville State,puntReturnTDs,0
400868985,Jacksonville State,puntReturns,1
400868985,Jacksonville State,passingTDs,1
400868985,Jacksonville State,kickReturnYards,64
400868985,Jacksonville State,kickReturnTDs,0
400868985,Jacksonville State,kickReturns,5
400868985,Jacksonville State,kickingPoints,7
400868985,Jacksonville State,interceptionYards,0
400868985,Jacksonville State,interceptionTDs,0
400868985,Jacksonville State,passesIntercepted,1
400868985,Jacksonville State,fumblesRecovered,1
400868985,Jacksonville State,totalFumbles,0
400868985,Jacksonville State,tacklesForLoss,6
400868985,Jacksonville State,defensiveTDs,0
400868985,Jacksonville State,tackles,18
400868985,Jacksonville State,sacks,1
400868985,Jacksonville State,qbHurries,0
400868985,Jacksonville State,passesDeflected,4
400868985,Jacksonville State,firstDowns,17
400868985,Jacksonville State,thirdDownEff,7-17
400868985,Jacksonville State,fourthDownEff,1-2
400868985,Jacksonville State,totalYards,368
400868985,Jacksonville State,netPassingYards,248
400868985,Jacksonville State,completionAttempts,17-35
400868985,Jacksonville State,yardsPerPass,7.1
400868985,Jacksonville State,rushingYards,120
400868985,Jacksonville State,rushingAttempts,34
400868985,Jacksonville State,yardsPerRushAttempt,3.5
400868985,Jacksonville State,totalPenaltiesYards,7-61
400868985,Jacksonville State,turnovers,1
400868985,Jacksonville State,fumblesLost,0
400868985,Jacksonville State,interceptions,1
400868985,Jacksonville State,possessionTime,33:09
400869271,Eastern Illinois,rushingTDs,0
400869271,Eastern Illinois,puntReturnYards,0
400869271,Eastern Illinois,puntReturnTDs,0
400869271,Eastern Illinois,puntReturns,1
400869271,Eastern Illinois,passingTDs,3
400869271,Eastern Illinois,kickReturnYards,56
400869271,Eastern Illinois,kickReturnTDs,0
400869271,Eastern Illinois,kickReturns,3
400869271,Eastern Illinois,kickingPoints,3
400869271,Eastern Illinois,interceptionYards,17
400869271,Eastern Illinois,interceptionTDs,0
400869271,Eastern Illinois,passesIntercepted,1
400869271,Eastern Illinois,fumblesRecovered,0
400869271,Eastern Illinois,totalFumbles,2
400869271,Eastern Illinois,tacklesForLoss,4
400869271,Eastern Illinois,defensiveTDs,0
400869271,Eastern Illinois,tackles,38
400869271,Eastern Illinois,sacks,1
400869271,Eastern Illinois,qbHurries,0
400869271,Eastern Illinois,passesDeflected,1
400869271,Eastern Illinois,firstDowns,22
400869271,Eastern Illinois,thirdDownEff,9-15
400869271,Eastern Illinois,fourthDownEff,1-2
400869271,Eastern Illinois,totalYards,316
400869271,Eastern Illinois,netPassingYards,174
400869271,Eastern Illinois,completionAttempts,21-36
400869271,Eastern Illinois,yardsPerPass,4.8
400869271,Eastern Illinois,rushingYards,142
400869271,Eastern Illinois,rushingAttempts,35
400869271,Eastern Illinois,yardsPerRushAttempt,4.1
400869271,Eastern Illinois,totalPenaltiesYards,3-39
400869271,Eastern Illinois,turnovers,2
400869271,Eastern Illinois,fumblesLost,1
400869271,Eastern Illinois,interceptions,1
400869271,Eastern Illinois,possessionTime,24:23
400869277,Kansas,rushingTDs,0
400869277,Kansas,puntReturnYards,-19
400869277,Kansas,puntReturnTDs,0
400869277,Kansas,puntReturns,4
400869277,Kansas,passingTDs,2
400869277,Kansas,kickReturnYards,242
400869277,Kansas,kickReturnTDs,1
400869277,Kansas,kickReturns,8
400869277,Kansas,kickingPoints,3
400869277,Kansas,interceptionYards,0
400869277,Kansas,interceptionTDs,0
400869277,Kansas,passesIntercepted,1
400869277,Kansas,fumblesRecovered,0
400869277,Kansas,totalFumbles,2
400869277,Kansas,tacklesForLoss,14
400869277,Kansas,defensiveTDs,1
400869277,Kansas,tackles,58
400869277,Kansas,sacks,0
400869277,Kansas,qbHurries,1
400869277,Kansas,passesDeflected,8
400869277,Kansas,firstDowns,9
400869277,Kansas,thirdDownEff,0-9
400869277,Kansas,fourthDownEff,0-2
400869277,Kansas,totalYards,232
400869277,Kansas,netPassingYards,206
400869277,Kansas,completionAttempts,18-29
400869277,Kansas,yardsPerPass,7.1
400869277,Kansas,rushingYards,26
400869277,Kansas,rushingAttempts,15
400869277,Kansas,yardsPerRushAttempt,1.7
400869277,Kansas,totalPenaltiesYards,4-50
400869277,Kansas,turnovers,3
400869277,Kansas,fumblesLost,2
400869277,Kansas,interceptions,1
400869277,Kansas,possessionTime,16:22
400869274,North Carolina A&T,rushingTDs,2
400869274,North Carolina A&T,puntReturnYards,10
400869274,North Carolina A&T,puntReturnTDs,0
400869274,North Carolina A&T,puntReturns,1
400869274,North Carolina A&T,passingTDs,3
400869274,North Carolina A&T,kickReturnYards,83
400869274,North Carolina A&T,kickReturnTDs,0
400869274,North Carolina A&T,kickReturns,4
400869274,North Carolina A&T,kickingPoints,9
400869274,North Carolina A&T,interceptionYards,0
400869274,North Carolina A&T,interceptionTDs,0
400869274,North Carolina A&T,passesIntercepted,1
400869274,North Carolina A&T,fumblesRecovered,1
400869274,North Carolina A&T,totalFumbles,3
400869274,North Carolina A&T,tacklesForLoss,10
400869274,North Carolina A&T,defensiveTDs,0
400869274,North Carolina A&T,tackles,48
400869274,North Carolina A&T,sacks,3
400869274,North Carolina A&T,qbHurries,2
400869274,North Carolina A&T,passesDeflected,5
400869274,North Carolina A&T,firstDowns,28
400869274,North Carolina A&T,thirdDownEff,5-16
400869274,North Carolina A&T,fourthDownEff,0-0
400869274,North Carolina A&T,totalYards,407
400869274,North Carolina A&T,netPassingYards,240
400869274,North Carolina A&T,completionAttempts,22-42
400869274,North Carolina A&T,yardsPerPass,5.7
400869274,North Carolina A&T,rushingYards,167
400869274,North Carolina A&T,rushingAttempts,49
400869274,North Carolina A&T,yardsPerRushAttempt,3.4
400869274,North Carolina A&T,totalPenaltiesYards,10-70
400869274,North Carolina A&T,turnovers,4
400869274,North Carolina A&T,fumblesLost,2
400869274,North Carolina A&T,interceptions,2
400869274,North Carolina A&T,possessionTime,31:07
400869268,Wisconsin,rushingTDs,4
400869268,Wisconsin,puntReturnYards,19
400869268,Wisconsin,puntReturnTDs,0
400869268,Wisconsin,puntReturns,3
400869268,Wisconsin,passingTDs,3
400869268,Wisconsin,kickReturnYards,62
400869268,Wisconsin,kickReturnTDs,0
400869268,Wisconsin,kickReturns,3
400869268,Wisconsin,kickingPoints,10
400869268,Wisconsin,interceptionYards,0
400869268,Wisconsin,interceptionTDs,0
400869268,Wisconsin,passesIntercepted,1
400869268,Wisconsin,fumblesRecovered,1
400869268,Wisconsin,totalFumbles,0
400869268,Wisconsin,tacklesForLoss,6
400869268,Wisconsin,defensiveTDs,0
400869268,Wisconsin,tackles,30
400869268,Wisconsin,sacks,4
400869268,Wisconsin,qbHurries,0
400869268,Wisconsin,passesDeflected,5
400869268,Wisconsin,firstDowns,32
400869268,Wisconsin,thirdDownEff,10-15
400869268,Wisconsin,fourthDownEff,0-1
400869268,Wisconsin,totalYards,586
400869268,Wisconsin,netPassingYards,292
400869268,Wisconsin,completionAttempts,20-27
400869268,Wisconsin,yardsPerPass,10.8
400869268,Wisconsin,rushingYards,294
400869268,Wisconsin,rushingAttempts,55
400869268,Wisconsin,yardsPerRushAttempt,5.3
400869268,Wisconsin,totalPenaltiesYards,3-40
400869268,Wisconsin,turnovers,0
400869268,Wisconsin,fumblesLost,0
400869268,Wisconsin,interceptions,0
400869268,Wisconsin,possessionTime,40:52
400869272,Maine,rushingTDs,0
400869272,Maine,puntReturnYards,3
400869272,Maine,puntReturnTDs,0
400869272,Maine,puntReturns,3
400869272,Maine,passingTDs,0
400869272,Maine,kickReturnYards,149
400869272,Maine,kickReturnTDs,0
400869272,Maine,kickReturns,7
400869272,Maine,kickingPoints,3
400869272,Maine,interceptionYards,0
400869272,Maine,interceptionTDs,0
400869272,Maine,passesIntercepted,1
400869272,Maine,fumblesRecovered,1
400869272,Maine,totalFumbles,1
400869272,Maine,tacklesForLoss,0
400869272,Maine,defensiveTDs,0
400869272,Maine,tackles,26
400869272,Maine,sacks,0
400869272,Maine,qbHurries,1
400869272,Maine,passesDeflected,5
400869272,Maine,firstDowns,12
400869272,Maine,thirdDownEff,5-19
400869272,Maine,fourthDownEff,0-1
400869272,Maine,totalYards,235
400869272,Maine,netPassingYards,65
400869272,Maine,completionAttempts,9-25
400869272,Maine,yardsPerPass,2.6
400869272,Maine,rushingYards,170
400869272,Maine,rushingAttempts,42
400869272,Maine,yardsPerRushAttempt,4.0
400869272,Maine,totalPenaltiesYards,8-65
400869272,Maine,turnovers,0
400869272,Maine,fumblesLost,0
400869272,Maine,interceptions,0
400869272,Maine,possessionTime,35:30
400869275,North Carolina Central,fumblesRecovered,0
400869275,North Carolina Central,rushingTDs,1
400869275,North Carolina Central,puntReturnYards,25
400869275,North Carolina Central,puntReturnTDs,0
400869275,North Carolina Central,puntReturns,1
400869275,North Carolina Central,passingTDs,2
400869275,North Carolina Central,kickReturnYards,74
400869275,North Carolina Central,kickReturnTDs,0
400869275,North Carolina Central,kickReturns,3
400869275,North Carolina Central,kickingPoints,3
400869275,North Carolina Central,tacklesForLoss,4
400869275,North Carolina Central,defensiveTDs,0
400869275,North Carolina Central,tackles,51
400869275,North Carolina Central,sacks,1
400869275,North Carolina Central,qbHurries,0
400869275,North Carolina Central,passesDeflected,1
400869275,North Carolina Central,firstDowns,11
400869275,North Carolina Central,thirdDownEff,4-15
400869275,North Carolina Central,fourthDownEff,0-0
400869275,North Carolina Central,totalYards,315
400869275,North Carolina Central,netPassingYards,209
400869275,North Carolina Central,completionAttempts,15-29
400869275,North Carolina Central,yardsPerPass,7.2
400869275,North Carolina Central,rushingYards,106
400869275,North Carolina Central,rushingAttempts,30
400869275,North Carolina Central,yardsPerRushAttempt,3.5
400869275,North Carolina Central,totalPenaltiesYards,11-96
400869275,North Carolina Central,turnovers,0
400869275,North Carolina Central,fumblesLost,0
400869275,North Carolina Central,interceptions,0
400869275,North Carolina Central,possessionTime,25:10
400869269,Indiana,rushingTDs,0
400869269,Indiana,puntReturnYards,18
400869269,Indiana,puntReturnTDs,0
400869269,Indiana,puntReturns,3
400869269,Indiana,passingTDs,3
400869269,Indiana,kickReturnYards,87
400869269,Indiana,kickReturnTDs,0
400869269,Indiana,kickReturns,4
400869269,Indiana,kickingPoints,12
400869269,Indiana,interceptionYards,0
400869269,Indiana,interceptionTDs,0
400869269,Indiana,passesIntercepted,1
400869269,Indiana,fumblesRecovered,2
400869269,Indiana,totalFumbles,1
400869269,Indiana,tacklesForLoss,7
400869269,Indiana,defensiveTDs,0
400869269,Indiana,tackles,49
400869269,Indiana,sacks,2
400869269,Indiana,qbHurries,0
400869269,Indiana,passesDeflected,5
400869269,Indiana,firstDowns,19
400869269,Indiana,thirdDownEff,2-13
400869269,Indiana,fourthDownEff,0-2
400869269,Indiana,totalYards,453
400869269,Indiana,netPassingYards,266
400869269,Indiana,completionAttempts,17-27
400869269,Indiana,yardsPerPass,9.9
400869269,Indiana,rushingYards,187
400869269,Indiana,rushingAttempts,45
400869269,Indiana,yardsPerRushAttempt,4.2
400869269,Indiana,totalPenaltiesYards,8-69
400869269,Indiana,turnovers,0
400869269,Indiana,fumblesLost,0
400869269,Indiana,interceptions,0
400869269,Indiana,possessionTime,31:19
400868988,Missouri,rushingTDs,2
400868988,Missouri,puntReturnYards,73
400868988,Missouri,puntReturnTDs,1
400868988,Missouri,puntReturns,3
400868988,Missouri,passingTDs,5
400868988,Missouri,kickReturnYards,64
400868988,Missouri,kickReturnTDs,0
400868988,Missouri,kickReturns,3
400868988,Missouri,kickingPoints,7
400868988,Missouri,interceptionYards,64
400868988,Missouri,interceptionTDs,1
400868988,Missouri,passesIntercepted,2
400868988,Missouri,fumblesRecovered,0
400868988,Missouri,totalFumbles,2
400868988,Missouri,tacklesForLoss,4
400868988,Missouri,defensiveTDs,2
400868988,Missouri,tackles,44
400868988,Missouri,sacks,1
400868988,Missouri,qbHurries,3
400868988,Missouri,passesDeflected,15
400868988,Missouri,firstDowns,30
400868988,Missouri,thirdDownEff,9-15
400868988,Missouri,fourthDownEff,1-1
400868988,Missouri,totalYards,647
400868988,Missouri,netPassingYards,477
400868988,Missouri,completionAttempts,27-40
400868988,Missouri,yardsPerPass,11.9
400868988,Missouri,rushingYards,170
400868988,Missouri,rushingAttempts,38
400868988,Missouri,yardsPerRushAttempt,4.5
400868988,Missouri,totalPenaltiesYards,8-75
400868988,Missouri,turnovers,2
400868988,Missouri,fumblesLost,2
400868988,Missouri,interceptions,0
400868988,Missouri,possessionTime,21:16
400869270,Oklahoma State,rushingTDs,0
400869270,Oklahoma State,puntReturnYards,36
400869270,Oklahoma State,puntReturnTDs,0
400869270,Oklahoma State,puntReturns,2
400869270,Oklahoma State,passingTDs,3
400869270,Oklahoma State,kickReturnYards,9
400869270,Oklahoma State,kickReturnTDs,0
400869270,Oklahoma State,kickReturns,1
400869270,Oklahoma State,kickingPoints,9
400869270,Oklahoma State,interceptionYards,-1
400869270,Oklahoma State,interceptionTDs,0
400869270,Oklahoma State,passesIntercepted,1
400869270,Oklahoma State,fumblesRecovered,1
400869270,Oklahoma State,totalFumbles,0
400869270,Oklahoma State,tacklesForLoss,7
400869270,Oklahoma State,defensiveTDs,0
400869270,Oklahoma State,tackles,50
400869270,Oklahoma State,sacks,3
400869270,Oklahoma State,qbHurries,4
400869270,Oklahoma State,passesDeflected,5
400869270,Oklahoma State,firstDowns,23
400869270,Oklahoma State,thirdDownEff,1-11
400869270,Oklahoma State,fourthDownEff,1-2
400869270,Oklahoma State,totalYards,338
400869270,Oklahoma State,netPassingYards,288
400869270,Oklahoma State,completionAttempts,28-44
400869270,Oklahoma State,yardsPerPass,6.5
400869270,Oklahoma State,rushingYards,50
400869270,Oklahoma State,rushingAttempts,26
400869270,Oklahoma State,yardsPerRushAttempt,1.9
400869270,Oklahoma State,totalPenaltiesYards,4-40
400869270,Oklahoma State,turnovers,1
400869270,Oklahoma State,fumblesLost,0
400869270,Oklahoma State,interceptions,1
400869270,Oklahoma State,possessionTime,24:33
400869273,South Florida,rushingTDs,2
400869273,South Florida,puntReturnYards,7
400869273,South Florida,puntReturnTDs,0
400869273,South Florida,puntReturns,3
400869273,South Florida,passingTDs,4
400869273,South Florida,kickReturnYards,58
400869273,South Florida,kickReturnTDs,0
400869273,South Florida,kickReturns,2
400869273,South Florida,kickingPoints,12
400869273,South Florida,fumblesRecovered,0
400869273,South Florida,totalFumbles,1
400869273,South Florida,tacklesForLoss,8
400869273,South Florida,defensiveTDs,0
400869273,South Florida,tackles,51
400869273,South Florida,sacks,2
400869273,South Florida,qbHurries,0
400869273,South Florida,passesDeflected,3
400869273,South Florida,firstDowns,34
400869273,South Florida,thirdDownEff,11-20
400869273,South Florida,fourthDownEff,0-0
400869273,South Florida,totalYards,658
400869273,South Florida,netPassingYards,365
400869273,South Florida,completionAttempts,25-39
400869273,South Florida,yardsPerPass,9.4
400869273,South Florida,rushingYards,293
400869273,South Florida,rushingAttempts,50
400869273,South Florida,yardsPerRushAttempt,5.9
400869273,South Florida,totalPenaltiesYards,8-77
400869273,South Florida,turnovers,1
400869273,South Florida,fumblesLost,1
400869273,South Florida,interceptions,0
400869273,South Florida,possessionTime,31:08
400869812,McNeese,rushingTDs,2
400869812,McNeese,passingTDs,0
400869812,McNeese,kickReturnYards,68
400869812,McNeese,kickReturnTDs,0
400869812,McNeese,kickReturns,3
400869812,McNeese,kickingPoints,10
400869812,McNeese,fumblesRecovered,0
400869812,McNeese,totalFumbles,1
400869812,McNeese,tacklesForLoss,3
400869812,McNeese,defensiveTDs,0
400869812,McNeese,tackles,32
400869812,McNeese,sacks,1
400869812,McNeese,qbHurries,1
400869812,McNeese,passesDeflected,0
400869812,McNeese,firstDowns,27
400869812,McNeese,thirdDownEff,7-18
400869812,McNeese,fourthDownEff,2-2
400869812,McNeese,totalYards,364
400869812,McNeese,netPassingYards,265
400869812,McNeese,completionAttempts,29-46
400869812,McNeese,yardsPerPass,5.8
400869812,McNeese,rushingYards,99
400869812,McNeese,rushingAttempts,42
400869812,McNeese,yardsPerRushAttempt,2.4
400869812,McNeese,totalPenaltiesYards,8-67
400869812,McNeese,turnovers,1
400869812,McNeese,fumblesLost,1
400869812,McNeese,interceptions,0
400869812,McNeese,possessionTime,36:55
400869612,Oklahoma,rushingTDs,3
400869612,Oklahoma,puntReturnYards,28
400869612,Oklahoma,puntReturnTDs,0
400869612,Oklahoma,puntReturns,4
400869612,Oklahoma,passingTDs,5
400869612,Oklahoma,kickReturnYards,48
400869612,Oklahoma,kickReturnTDs,0
400869612,Oklahoma,kickReturns,2
400869612,Oklahoma,kickingPoints,11
400869612,Oklahoma,fumblesRecovered,1
400869612,Oklahoma,totalFumbles,1
400869612,Oklahoma,tacklesForLoss,8
400869612,Oklahoma,defensiveTDs,0
400869612,Oklahoma,tackles,33
400869612,Oklahoma,sacks,2
400869612,Oklahoma,qbHurries,2
400869612,Oklahoma,passesDeflected,4
400869612,Oklahoma,firstDowns,30
400869612,Oklahoma,thirdDownEff,4-9
400869612,Oklahoma,fourthDownEff,0-0
400869612,Oklahoma,totalYards,640
400869612,Oklahoma,netPassingYards,352
400869612,Oklahoma,completionAttempts,26-35
400869612,Oklahoma,yardsPerPass,10.1
400869612,Oklahoma,rushingYards,288
400869612,Oklahoma,rushingAttempts,46
400869612,Oklahoma,yardsPerRushAttempt,6.3
400869612,Oklahoma,totalPenaltiesYards,4-30
400869612,Oklahoma,turnovers,1
400869612,Oklahoma,fumblesLost,1
400869612,Oklahoma,interceptions,0
400869612,Oklahoma,possessionTime,30:43
400869430,Clemson,rushingTDs,0
400869430,Clemson,puntReturnYards,96
400869430,Clemson,puntReturnTDs,0
400869430,Clemson,puntReturns,4
400869430,Clemson,passingTDs,3
400869430,Clemson,kickReturnYards,22
400869430,Clemson,kickReturnTDs,0
400869430,Clemson,kickReturns,1
400869430,Clemson,kickingPoints,12
400869430,Clemson,interceptionYards,13
400869430,Clemson,interceptionTDs,0
400869430,Clemson,passesIntercepted,3
400869430,Clemson,fumblesRecovered,0
400869430,Clemson,totalFumbles,2
400869430,Clemson,tacklesForLoss,7
400869430,Clemson,defensiveTDs,0
400869430,Clemson,tackles,31
400869430,Clemson,sacks,1
400869430,Clemson,qbHurries,2
400869430,Clemson,passesDeflected,6
400869430,Clemson,firstDowns,24
400869430,Clemson,thirdDownEff,8-20
400869430,Clemson,fourthDownEff,0-1
400869430,Clemson,totalYards,414
400869430,Clemson,netPassingYards,292
400869430,Clemson,completionAttempts,27-53
400869430,Clemson,yardsPerPass,5.5
400869430,Clemson,rushingYards,122
400869430,Clemson,rushingAttempts,32
400869430,Clemson,yardsPerRushAttempt,3.8
400869430,Clemson,totalPenaltiesYards,7-71
400869430,Clemson,turnovers,3
400869430,Clemson,fumblesLost,1
400869430,Clemson,interceptions,2
400869430,Clemson,possessionTime,26:40
400869432,Charleston Southern,rushingTDs,0
400869432,Charleston Southern,puntReturnYards,-6
400869432,Charleston Southern,puntReturnTDs,0
400869432,Charleston Southern,puntReturns,1
400869432,Charleston Southern,passingTDs,1
400869432,Charleston Southern,kickReturnYards,73
400869432,Charleston Southern,kickReturnTDs,0
400869432,Charleston Southern,kickReturns,4
400869432,Charleston Southern,kickingPoints,0
400869432,Charleston Southern,interceptionYards,4
400869432,Charleston Southern,interceptionTDs,0
400869432,Charleston Southern,passesIntercepted,1
400869432,Charleston Southern,fumblesRecovered,0
400869432,Charleston Southern,totalFumbles,6
400869432,Charleston Southern,tacklesForLoss,7
400869432,Charleston Southern,defensiveTDs,0
400869432,Charleston Southern,tackles,46
400869432,Charleston Southern,sacks,3
400869432,Charleston Southern,qbHurries,0
400869432,Charleston Southern,passesDeflected,4
400869432,Charleston Southern,firstDowns,15
400869432,Charleston Southern,thirdDownEff,2-12
400869432,Charleston Southern,fourthDownEff,0-1
400869432,Charleston Southern,totalYards,294
400869432,Charleston Southern,netPassingYards,142
400869432,Charleston Southern,completionAttempts,7-20
400869432,Charleston Southern,yardsPerPass,7.1
400869432,Charleston Southern,rushingYards,152
400869432,Charleston Southern,rushingAttempts,39
400869432,Charleston Southern,yardsPerRushAttempt,3.9
400869432,Charleston Southern,totalPenaltiesYards,8-51
400869432,Charleston Southern,turnovers,3
400869432,Charleston Southern,fumblesLost,3
400869432,Charleston Southern,interceptions,0
400869432,Charleston Southern,possessionTime,29:41
400868958,UMass,rushingTDs,0
400868958,UMass,puntReturnYards,14
400868958,UMass,puntReturnTDs,0
400868958,UMass,puntReturns,3
400868958,UMass,passingTDs,1
400868958,UMass,kickReturnYards,101
400868958,UMass,kickReturnTDs,0
400868958,UMass,kickReturns,6
400868958,UMass,kickingPoints,1
400868958,UMass,interceptionYards,27
400868958,UMass,interceptionTDs,0
400868958,UMass,passesIntercepted,1
400868958,UMass,fumblesRecovered,0
400868958,UMass,totalFumbles,3
400868958,UMass,tacklesForLoss,8
400868958,UMass,defensiveTDs,0
400868958,UMass,tackles,26
400868958,UMass,sacks,1
400868958,UMass,qbHurries,0
400868958,UMass,passesDeflected,3
400868958,UMass,firstDowns,8
400868958,UMass,thirdDownEff,2-16
400868958,UMass,fourthDownEff,0-0
400868958,UMass,totalYards,122
400868958,UMass,netPassingYards,145
400868958,UMass,completionAttempts,11-28
400868958,UMass,yardsPerPass,5.2
400868958,UMass,rushingYards,-23
400868958,UMass,rushingAttempts,33
400868958,UMass,yardsPerRushAttempt,-0.7
400868958,UMass,totalPenaltiesYards,5-37
400868958,UMass,turnovers,3
400868958,UMass,fumblesLost,2
400868958,UMass,interceptions,1
400868958,UMass,possessionTime,25:59
400869435,East Carolina,rushingTDs,3
400869435,East Carolina,passingTDs,1
400869435,East Carolina,kickReturnYards,49
400869435,East Carolina,kickReturnTDs,0
400869435,East Carolina,kickReturns,3
400869435,East Carolina,kickingPoints,9
400869435,East Carolina,fumblesRecovered,1
400869435,East Carolina,totalFumbles,2
400869435,East Carolina,tacklesForLoss,5
400869435,East Carolina,defensiveTDs,0
400869435,East Carolina,tackles,44
400869435,East Carolina,sacks,1
400869435,East Carolina,qbHurries,1
400869435,East Carolina,passesDeflected,3
400869435,East Carolina,firstDowns,23
400869435,East Carolina,thirdDownEff,7-17
400869435,East Carolina,fourthDownEff,3-3
400869435,East Carolina,totalYards,445
400869435,East Carolina,netPassingYards,297
400869435,East Carolina,completionAttempts,33-43
400869435,East Carolina,yardsPerPass,6.9
400869435,East Carolina,rushingYards,148
400869435,East Carolina,rushingAttempts,33
400869435,East Carolina,yardsPerRushAttempt,4.5
400869435,East Carolina,totalPenaltiesYards,4-36
400869435,East Carolina,turnovers,2
400869435,East Carolina,fumblesLost,1
400869435,East Carolina,interceptions,1
400869435,East Carolina,possessionTime,31:51
400869431,Duke,rushingTDs,2
400869431,Duke,puntReturnYards,43
400869431,Duke,puntReturnTDs,0
400869431,Duke,puntReturns,3
400869431,Duke,passingTDs,0
400869431,Duke,kickReturnYards,20
400869431,Duke,kickReturnTDs,0
400869431,Duke,kickReturns,1
400869431,Duke,kickingPoints,2
400869431,Duke,interceptionYards,3
400869431,Duke,interceptionTDs,0
400869431,Duke,passesIntercepted,1
400869431,Duke,fumblesRecovered,1
400869431,Duke,totalFumbles,2
400869431,Duke,tacklesForLoss,6
400869431,Duke,defensiveTDs,0
400869431,Duke,tackles,37
400869431,Duke,sacks,4
400869431,Duke,qbHurries,2
400869431,Duke,passesDeflected,1
400869431,Duke,firstDowns,21
400869431,Duke,thirdDownEff,5-16
400869431,Duke,fourthDownEff,1-1
400869431,Duke,totalYards,369
400869431,Duke,netPassingYards,332
400869431,Duke,completionAttempts,31-48
400869431,Duke,yardsPerPass,6.9
400869431,Duke,rushingYards,37
400869431,Duke,rushingAttempts,30
400869431,Duke,yardsPerRushAttempt,1.2
400869431,Duke,totalPenaltiesYards,5-22
400869431,Duke,turnovers,3
400869431,Duke,fumblesLost,2
400869431,Duke,interceptions,1
400869431,Duke,possessionTime,27:28
400869719,Florida Atlantic,fumblesRecovered,0
400869719,Florida Atlantic,rushingTDs,1
400869719,Florida Atlantic,passingTDs,0
400869719,Florida Atlantic,kickReturnYards,149
400869719,Florida Atlantic,kickReturnTDs,0
400869719,Florida Atlantic,kickReturns,5
400869719,Florida Atlantic,kickingPoints,4
400869719,Florida Atlantic,interceptionYards,6
400869719,Florida Atlantic,interceptionTDs,0
400869719,Florida Atlantic,passesIntercepted,2
400869719,Florida Atlantic,tacklesForLoss,2
400869719,Florida Atlantic,defensiveTDs,0
400869719,Florida Atlantic,tackles,48
400869719,Florida Atlantic,sacks,0
400869719,Florida Atlantic,qbHurries,1
400869719,Florida Atlantic,passesDeflected,2
400869719,Florida Atlantic,firstDowns,13
400869719,Florida Atlantic,thirdDownEff,4-20
400869719,Florida Atlantic,fourthDownEff,1-3
400869719,Florida Atlantic,totalYards,214
400869719,Florida Atlantic,netPassingYards,167
400869719,Florida Atlantic,completionAttempts,18-37
400869719,Florida Atlantic,yardsPerPass,4.5
400869719,Florida Atlantic,rushingYards,47
400869719,Florida Atlantic,rushingAttempts,34
400869719,Florida Atlantic,yardsPerRushAttempt,1.4
400869719,Florida Atlantic,totalPenaltiesYards,6-45
400869719,Florida Atlantic,turnovers,1
400869719,Florida Atlantic,fumblesLost,0
400869719,Florida Atlantic,interceptions,1
400869719,Florida Atlantic,possessionTime,29:58
400869433,Mercer,rushingTDs,0
400869433,Mercer,passingTDs,1
400869433,Mercer,kickingPoints,4
400869433,Mercer,fumblesRecovered,2
400869433,Mercer,totalFumbles,0
400869433,Mercer,tacklesForLoss,1
400869433,Mercer,defensiveTDs,0
400869433,Mercer,tackles,44
400869433,Mercer,sacks,0
400869433,Mercer,qbHurries,0
400869433,Mercer,passesDeflected,1
400869433,Mercer,firstDowns,19
400869433,Mercer,thirdDownEff,10-18
400869433,Mercer,fourthDownEff,1-2
400869433,Mercer,totalYards,320
400869433,Mercer,netPassingYards,235
400869433,Mercer,completionAttempts,25-40
400869433,Mercer,yardsPerPass,5.9
400869433,Mercer,rushingYards,85
400869433,Mercer,rushingAttempts,28
400869433,Mercer,yardsPerRushAttempt,3.0
400869433,Mercer,totalPenaltiesYards,5-45
400869433,Mercer,turnovers,0
400869433,Mercer,fumblesLost,0
400869433,Mercer,interceptions,0
400869433,Mercer,possessionTime,29:42
400869434,Illinois,rushingTDs,1
400869434,Illinois,puntReturnYards,3
400869434,Illinois,puntReturnTDs,0
400869434,Illinois,puntReturns,1
400869434,Illinois,passingTDs,2
400869434,Illinois,kickReturnYards,70
400869434,Illinois,kickReturnTDs,0
400869434,Illinois,kickReturns,4
400869434,Illinois,kickingPoints,3
400869434,Illinois,fumblesRecovered,1
400869434,Illinois,totalFumbles,5
400869434,Illinois,tacklesForLoss,12
400869434,Illinois,defensiveTDs,0
400869434,Illinois,tackles,35
400869434,Illinois,sacks,2
400869434,Illinois,qbHurries,0
400869434,Illinois,passesDeflected,3
400869434,Illinois,firstDowns,15
400869434,Illinois,thirdDownEff,7-18
400869434,Illinois,fourthDownEff,1-2
400869434,Illinois,totalYards,309
400869434,Illinois,netPassingYards,127
400869434,Illinois,completionAttempts,17-35
400869434,Illinois,yardsPerPass,3.6
400869434,Illinois,rushingYards,182
400869434,Illinois,rushingAttempts,36
400869434,Illinois,yardsPerRushAttempt,5.1
400869434,Illinois,totalPenaltiesYards,13-99
400869434,Illinois,turnovers,1
400869434,Illinois,fumblesLost,1
400869434,Illinois,interceptions,0
400869434,Illinois,possessionTime,34:19
400869104,Oregon,rushingTDs,3
400869104,Oregon,puntReturnYards,3
400869104,Oregon,puntReturnTDs,0
400869104,Oregon,puntReturns,1
400869104,Oregon,passingTDs,3
400869104,Oregon,kickReturnYards,84
400869104,Oregon,kickReturnTDs,0
400869104,Oregon,kickReturns,3
400869104,Oregon,kickingPoints,8
400869104,Oregon,interceptionYards,16
400869104,Oregon,interceptionTDs,0
400869104,Oregon,passesIntercepted,2
400869104,Oregon,fumblesRecovered,0
400869104,Oregon,totalFumbles,1
400869104,Oregon,tacklesForLoss,7
400869104,Oregon,defensiveTDs,0
400869104,Oregon,tackles,50
400869104,Oregon,sacks,6
400869104,Oregon,qbHurries,2
400869104,Oregon,passesDeflected,4
400869104,Oregon,firstDowns,25
400869104,Oregon,thirdDownEff,9-15
400869104,Oregon,fourthDownEff,0-1
400869104,Oregon,totalYards,632
400869104,Oregon,netPassingYards,331
400869104,Oregon,completionAttempts,21-31
400869104,Oregon,yardsPerPass,10.7
400869104,Oregon,rushingYards,301
400869104,Oregon,rushingAttempts,45
400869104,Oregon,yardsPerRushAttempt,6.7
400869104,Oregon,totalPenaltiesYards,12-117
400869104,Oregon,turnovers,0
400869104,Oregon,fumblesLost,0
400869104,Oregon,interceptions,0
400869104,Oregon,possessionTime,28:28
400869353,Morgan State,rushingTDs,0
400869353,Morgan State,puntReturnYards,12
400869353,Morgan State,puntReturnTDs,0
400869353,Morgan State,puntReturns,2
400869353,Morgan State,passingTDs,0
400869353,Morgan State,kickReturnYards,78
400869353,Morgan State,kickReturnTDs,0
400869353,Morgan State,kickReturns,5
400869353,Morgan State,fumblesRecovered,1
400869353,Morgan State,totalFumbles,4
400869353,Morgan State,tacklesForLoss,3
400869353,Morgan State,defensiveTDs,0
400869353,Morgan State,tackles,19
400869353,Morgan State,sacks,1
400869353,Morgan State,qbHurries,3
400869353,Morgan State,passesDeflected,0
400869353,Morgan State,firstDowns,11
400869353,Morgan State,thirdDownEff,5-19
400869353,Morgan State,fourthDownEff,0-2
400869353,Morgan State,totalYards,222
400869353,Morgan State,netPassingYards,175
400869353,Morgan State,completionAttempts,15-33
400869353,Morgan State,yardsPerPass,5.3
400869353,Morgan State,rushingYards,47
400869353,Morgan State,rushingAttempts,36
400869353,Morgan State,yardsPerRushAttempt,1.3
400869353,Morgan State,totalPenaltiesYards,8-66
400869353,Morgan State,turnovers,4
400869353,Morgan State,fumblesLost,3
400869353,Morgan State,interceptions,1
400869353,Morgan State,possessionTime,33:09
400869357,Texas,rushingTDs,1
400869357,Texas,puntReturnYards,32
400869357,Texas,puntReturnTDs,0
400869357,Texas,puntReturns,4
400869357,Texas,passingTDs,4
400869357,Texas,kickingPoints,11
400869357,Texas,fumblesRecovered,1
400869357,Texas,totalFumbles,1
400869357,Texas,tacklesForLoss,11
400869357,Texas,defensiveTDs,0
400869357,Texas,tackles,50
400869357,Texas,sacks,5
400869357,Texas,qbHurries,1
400869357,Texas,passesDeflected,4
400869357,Texas,firstDowns,23
400869357,Texas,thirdDownEff,3-12
400869357,Texas,fourthDownEff,1-1
400869357,Texas,totalYards,416
400869357,Texas,netPassingYards,245
400869357,Texas,completionAttempts,23-28
400869357,Texas,yardsPerPass,8.8
400869357,Texas,rushingYards,171
400869357,Texas,rushingAttempts,47
400869357,Texas,yardsPerRushAttempt,3.6
400869357,Texas,totalPenaltiesYards,10-115
400869357,Texas,turnovers,1
400869357,Texas,fumblesLost,1
400869357,Texas,interceptions,0
400869357,Texas,possessionTime,26:01
400868911,Army,rushingTDs,4
400868911,Army,puntReturnYards,22
400868911,Army,puntReturnTDs,0
400868911,Army,puntReturns,3
400868911,Army,passingTDs,0
400868911,Army,kickReturnYards,25
400868911,Army,kickReturnTDs,0
400868911,Army,kickReturns,1
400868911,Army,kickingPoints,7
400868911,Army,interceptionYards,0
400868911,Army,interceptionTDs,0
400868911,Army,passesIntercepted,1
400868911,Army,fumblesRecovered,2
400868911,Army,totalFumbles,1
400868911,Army,tacklesForLoss,5
400868911,Army,defensiveTDs,0
400868911,Army,tackles,25
400868911,Army,sacks,3
400868911,Army,qbHurries,0
400868911,Army,passesDeflected,4
400868911,Army,firstDowns,23
400868911,Army,thirdDownEff,6-15
400868911,Army,fourthDownEff,2-2
400868911,Army,totalYards,414
400868911,Army,netPassingYards,66
400868911,Army,completionAttempts,4-6
400868911,Army,yardsPerPass,11.0
400868911,Army,rushingYards,348
400868911,Army,rushingAttempts,69
400868911,Army,yardsPerRushAttempt,5.0
400868911,Army,totalPenaltiesYards,5-50
400868911,Army,turnovers,0
400868911,Army,fumblesLost,0
400868911,Army,interceptions,0
400868911,Army,possessionTime,40:12
400869276,North Dakota,rushingTDs,1
400869276,North Dakota,puntReturnYards,12
400869276,North Dakota,puntReturnTDs,0
400869276,North Dakota,puntReturns,3
400869276,North Dakota,passingTDs,1
400869276,North Dakota,kickReturnYards,113
400869276,North Dakota,kickReturnTDs,0
400869276,North Dakota,kickReturns,5
400869276,North Dakota,kickingPoints,8
400869276,North Dakota,interceptionYards,61
400869276,North Dakota,interceptionTDs,1
400869276,North Dakota,passesIntercepted,3
400869276,North Dakota,fumblesRecovered,0
400869276,North Dakota,totalFumbles,1
400869276,North Dakota,tacklesForLoss,5
400869276,North Dakota,defensiveTDs,1
400869276,North Dakota,tackles,35
400869276,North Dakota,sacks,3
400869276,North Dakota,qbHurries,0
400869276,North Dakota,passesDeflected,6
400869276,North Dakota,firstDowns,19
400869276,North Dakota,thirdDownEff,4-17
400869276,North Dakota,fourthDownEff,1-1
400869276,North Dakota,totalYards,383
400869276,North Dakota,netPassingYards,219
400869276,North Dakota,completionAttempts,21-36
400869276,North Dakota,yardsPerPass,6.1
400869276,North Dakota,rushingYards,164
400869276,North Dakota,rushingAttempts,43
400869276,North Dakota,yardsPerRushAttempt,3.8
400869276,North Dakota,totalPenaltiesYards,8-79
400869276,North Dakota,turnovers,0
400869276,North Dakota,fumblesLost,0
400869276,North Dakota,interceptions,0
400869276,North Dakota,possessionTime,36:21
400868877,SMU,rushingTDs,0
400868877,SMU,puntReturnYards,4
400868877,SMU,puntReturnTDs,0
400868877,SMU,puntReturns,2
400868877,SMU,passingTDs,1
400868877,SMU,kickReturnYards,77
400868877,SMU,kickReturnTDs,0
400868877,SMU,kickReturns,5
400868877,SMU,kickingPoints,7
400868877,SMU,interceptionYards,54
400868877,SMU,interceptionTDs,0
400868877,SMU,passesIntercepted,2
400868877,SMU,fumblesRecovered,1
400868877,SMU,totalFumbles,2
400868877,SMU,tacklesForLoss,4
400868877,SMU,defensiveTDs,0
400868877,SMU,tackles,73
400868877,SMU,sacks,0
400868877,SMU,qbHurries,5
400868877,SMU,passesDeflected,4
400868877,SMU,firstDowns,21
400868877,SMU,thirdDownEff,5-17
400868877,SMU,fourthDownEff,0-0
400868877,SMU,totalYards,405
400868877,SMU,netPassingYards,229
400868877,SMU,completionAttempts,17-44
400868877,SMU,yardsPerPass,5.2
400868877,SMU,rushingYards,176
400868877,SMU,rushingAttempts,38
400868877,SMU,yardsPerRushAttempt,4.6
400868877,SMU,totalPenaltiesYards,4-40
400868877,SMU,turnovers,4
400868877,SMU,fumblesLost,1
400868877,SMU,interceptions,3
400868877,SMU,possessionTime,27:42
400868888,Iowa,fumblesRecovered,0
400868888,Iowa,rushingTDs,3
400868888,Iowa,puntReturnYards,20
400868888,Iowa,puntReturnTDs,0
400868888,Iowa,puntReturns,3
400868888,Iowa,passingTDs,3
400868888,Iowa,kickReturnYards,34
400868888,Iowa,kickReturnTDs,0
400868888,Iowa,kickReturns,1
400868888,Iowa,kickingPoints,6
400868888,Iowa,interceptionYards,3
400868888,Iowa,interceptionTDs,0
400868888,Iowa,passesIntercepted,1
400868888,Iowa,tacklesForLoss,5
400868888,Iowa,defensiveTDs,0
400868888,Iowa,tackles,35
400868888,Iowa,sacks,3
400868888,Iowa,qbHurries,1
400868888,Iowa,passesDeflected,7
400868888,Iowa,firstDowns,25
400868888,Iowa,thirdDownEff,4-10
400868888,Iowa,fourthDownEff,1-1
400868888,Iowa,totalYards,435
400868888,Iowa,netPassingYards,237
400868888,Iowa,completionAttempts,20-30
400868888,Iowa,yardsPerPass,7.9
400868888,Iowa,rushingYards,198
400868888,Iowa,rushingAttempts,36
400868888,Iowa,yardsPerRushAttempt,5.5
400868888,Iowa,totalPenaltiesYards,5-35
400868888,Iowa,turnovers,0
400868888,Iowa,fumblesLost,0
400868888,Iowa,interceptions,0
400868888,Iowa,possessionTime,32:08
400869100,Arizona State,rushingTDs,7
400869100,Arizona State,puntReturnYards,14
400869100,Arizona State,puntReturnTDs,0
400869100,Arizona State,puntReturns,2
400869100,Arizona State,passingTDs,2
400869100,Arizona State,kickReturnYards,179
400869100,Arizona State,kickReturnTDs,0
400869100,Arizona State,kickReturns,8
400869100,Arizona State,kickingPoints,12
400869100,Arizona State,interceptionYards,19
400869100,Arizona State,interceptionTDs,0
400869100,Arizona State,passesIntercepted,2
400869100,Arizona State,fumblesRecovered,0
400869100,Arizona State,totalFumbles,1
400869100,Arizona State,tacklesForLoss,4
400869100,Arizona State,defensiveTDs,0
400869100,Arizona State,tackles,44
400869100,Arizona State,sacks,2
400869100,Arizona State,qbHurries,0
400869100,Arizona State,passesDeflected,1
400869100,Arizona State,firstDowns,34
400869100,Arizona State,thirdDownEff,9-16
400869100,Arizona State,fourthDownEff,2-2
400869100,Arizona State,totalYards,652
400869100,Arizona State,netPassingYards,351
400869100,Arizona State,completionAttempts,28-37
400869100,Arizona State,yardsPerPass,9.5
400869100,Arizona State,rushingYards,301
400869100,Arizona State,rushingAttempts,53
400869100,Arizona State,yardsPerRushAttempt,5.7
400869100,Arizona State,totalPenaltiesYards,6-60
400869100,Arizona State,turnovers,0
400869100,Arizona State,fumblesLost,0
400869100,Arizona State,interceptions,0
400869100,Arizona State,possessionTime,36:14
400868923,Utah,rushingTDs,0
400868923,Utah,puntReturnYards,10
400868923,Utah,puntReturnTDs,0
400868923,Utah,puntReturns,3
400868923,Utah,passingTDs,1
400868923,Utah,kickReturnYards,53
400868923,Utah,kickReturnTDs,0
400868923,Utah,kickReturns,4
400868923,Utah,kickingPoints,8
400868923,Utah,interceptionYards,42
400868923,Utah,interceptionTDs,1
400868923,Utah,passesIntercepted,3
400868923,Utah,fumblesRecovered,1
400868923,Utah,totalFumbles,6
400868923,Utah,tacklesForLoss,4
400868923,Utah,defensiveTDs,1
400868923,Utah,tackles,33
400868923,Utah,sacks,3
400868923,Utah,qbHurries,0
400868923,Utah,passesDeflected,3
400868923,Utah,firstDowns,20
400868923,Utah,thirdDownEff,6-12
400868923,Utah,fourthDownEff,0-0
400868923,Utah,totalYards,363
400868923,Utah,netPassingYards,194
400868923,Utah,completionAttempts,14-23
400868923,Utah,yardsPerPass,8.4
400868923,Utah,rushingYards,169
400868923,Utah,rushingAttempts,42
400868923,Utah,yardsPerRushAttempt,4.0
400868923,Utah,totalPenaltiesYards,9-85
400868923,Utah,turnovers,6
400868923,Utah,fumblesLost,3
400868923,Utah,interceptions,3
400868923,Utah,possessionTime,33:04
400869107,San Diego State,rushingTDs,3
400869107,San Diego State,puntReturnYards,46
400869107,San Diego State,puntReturnTDs,0
400869107,San Diego State,puntReturns,3
400869107,San Diego State,passingTDs,1
400869107,San Diego State,kickReturnYards,152
400869107,San Diego State,kickReturnTDs,1
400869107,San Diego State,kickReturns,4
400869107,San Diego State,kickingPoints,9
400869107,San Diego State,interceptionYards,9
400869107,San Diego State,interceptionTDs,1
400869107,San Diego State,passesIntercepted,3
400869107,San Diego State,fumblesRecovered,1
400869107,San Diego State,totalFumbles,2
400869107,San Diego State,tacklesForLoss,5
400869107,San Diego State,defensiveTDs,2
400869107,San Diego State,tackles,47
400869107,San Diego State,sacks,2
400869107,San Diego State,qbHurries,0
400869107,San Diego State,passesDeflected,7
400869107,San Diego State,firstDowns,22
400869107,San Diego State,thirdDownEff,5-13
400869107,San Diego State,fourthDownEff,0-1
400869107,San Diego State,totalYards,463
400869107,San Diego State,netPassingYards,129
400869107,San Diego State,completionAttempts,14-23
400869107,San Diego State,yardsPerPass,5.6
400869107,San Diego State,rushingYards,334
400869107,San Diego State,rushingAttempts,47
400869107,San Diego State,yardsPerRushAttempt,7.1
400869107,San Diego State,totalPenaltiesYards,14-105
400869107,San Diego State,turnovers,2
400869107,San Diego State,fumblesLost,1
400869107,San Diego State,interceptions,1
400869107,San Diego State,possessionTime,34:30
400869106,Boise State,fumblesRecovered,0
400869106,Boise State,rushingTDs,2
400869106,Boise State,puntReturnYards,-2
400869106,Boise State,puntReturnTDs,0
400869106,Boise State,puntReturns,1
400869106,Boise State,passingTDs,1
400869106,Boise State,kickReturnYards,41
400869106,Boise State,kickReturnTDs,0
400869106,Boise State,kickReturns,2
400869106,Boise State,kickingPoints,7
400869106,Boise State,interceptionYards,85
400869106,Boise State,interceptionTDs,1
400869106,Boise State,passesIntercepted,1
400869106,Boise State,tacklesForLoss,6
400869106,Boise State,defensiveTDs,1
400869106,Boise State,tackles,57
400869106,Boise State,sacks,2
400869106,Boise State,qbHurries,0
400869106,Boise State,passesDeflected,6
400869106,Boise State,firstDowns,21
400869106,Boise State,thirdDownEff,3-10
400869106,Boise State,fourthDownEff,0-0
400869106,Boise State,totalYards,420
400869106,Boise State,netPassingYards,299
400869106,Boise State,completionAttempts,19-35
400869106,Boise State,yardsPerPass,8.5
400869106,Boise State,rushingYards,121
400869106,Boise State,rushingAttempts,26
400869106,Boise State,yardsPerRushAttempt,4.7
400869106,Boise State,totalPenaltiesYards,3-35
400869106,Boise State,turnovers,3
400869106,Boise State,fumblesLost,0
400869106,Boise State,interceptions,3
400869106,Boise State,possessionTime,22:02
400869101,Utah State,rushingTDs,0
400869101,Utah State,puntReturnYards,0
400869101,Utah State,puntReturnTDs,0
400869101,Utah State,puntReturns,1
400869101,Utah State,passingTDs,1
400869101,Utah State,kickReturnYards,43
400869101,Utah State,kickReturnTDs,0
400869101,Utah State,kickReturns,2
400869101,Utah State,kickingPoints,1
400869101,Utah State,interceptionYards,0
400869101,Utah State,interceptionTDs,0
400869101,Utah State,passesIntercepted,1
400869101,Utah State,fumblesRecovered,0
400869101,Utah State,totalFumbles,1
400869101,Utah State,tacklesForLoss,9
400869101,Utah State,defensiveTDs,0
400869101,Utah State,tackles,52
400869101,Utah State,sacks,2
400869101,Utah State,qbHurries,1
400869101,Utah State,passesDeflected,3
400869101,Utah State,firstDowns,13
400869101,Utah State,thirdDownEff,6-16
400869101,Utah State,fourthDownEff,1-3
400869101,Utah State,totalYards,253
400869101,Utah State,netPassingYards,204
400869101,Utah State,completionAttempts,25-39
400869101,Utah State,yardsPerPass,5.2
400869101,Utah State,rushingYards,49
400869101,Utah State,rushingAttempts,26
400869101,Utah State,yardsPerRushAttempt,1.9
400869101,Utah State,totalPenaltiesYards,5-38
400869101,Utah State,turnovers,1
400869101,Utah State,fumblesLost,0
400869101,Utah State,interceptions,1
400869101,Utah State,possessionTime,27:24
400869102,UNLV,rushingTDs,2
400869102,UNLV,puntReturnYards,-4
400869102,UNLV,puntReturnTDs,0
400869102,UNLV,puntReturns,2
400869102,UNLV,passingTDs,1
400869102,UNLV,kickReturnYards,123
400869102,UNLV,kickReturnTDs,0
400869102,UNLV,kickReturns,5
400869102,UNLV,kickingPoints,3
400869102,UNLV,fumblesRecovered,1
400869102,UNLV,totalFumbles,0
400869102,UNLV,tacklesForLoss,2
400869102,UNLV,defensiveTDs,0
400869102,UNLV,tackles,56
400869102,UNLV,sacks,1
400869102,UNLV,qbHurries,0
400869102,UNLV,passesDeflected,5
400869102,UNLV,firstDowns,18
400869102,UNLV,thirdDownEff,8-15
400869102,UNLV,fourthDownEff,2-3
400869102,UNLV,totalYards,328
400869102,UNLV,netPassingYards,153
400869102,UNLV,completionAttempts,11-28
400869102,UNLV,yardsPerPass,5.5
400869102,UNLV,rushingYards,175
400869102,UNLV,rushingAttempts,35
400869102,UNLV,yardsPerRushAttempt,5.0
400869102,UNLV,totalPenaltiesYards,7-70
400869102,UNLV,turnovers,2
400869102,UNLV,fumblesLost,0
400869102,UNLV,interceptions,2
400869102,UNLV,possessionTime,26:22
400869099,Grambling,rushingTDs,1
400869099,Grambling,puntReturnYards,1
400869099,Grambling,puntReturnTDs,0
400869099,Grambling,puntReturns,2
400869099,Grambling,passingTDs,2
400869099,Grambling,kickReturnYards,39
400869099,Grambling,kickReturnTDs,0
400869099,Grambling,kickReturns,2
400869099,Grambling,kickingPoints,3
400869099,Grambling,fumblesRecovered,0
400869099,Grambling,totalFumbles,5
400869099,Grambling,tacklesForLoss,6
400869099,Grambling,defensiveTDs,0
400869099,Grambling,tackles,64
400869099,Grambling,sacks,2
400869099,Grambling,qbHurries,0
400869099,Grambling,passesDeflected,2
400869099,Grambling,firstDowns,28
400869099,Grambling,thirdDownEff,9-15
400869099,Grambling,fourthDownEff,0-0
400869099,Grambling,totalYards,462
400869099,Grambling,netPassingYards,402
400869099,Grambling,completionAttempts,31-44
400869099,Grambling,yardsPerPass,9.1
400869099,Grambling,rushingYards,60
400869099,Grambling,rushingAttempts,36
400869099,Grambling,yardsPerRushAttempt,1.7
400869099,Grambling,totalPenaltiesYards,12-86
400869099,Grambling,turnovers,6
400869099,Grambling,fumblesLost,3
400869099,Grambling,interceptions,3
400869099,Grambling,possessionTime,32:57
400869103,Idaho State,rushingTDs,1
400869103,Idaho State,puntReturnYards,6
400869103,Idaho State,puntReturnTDs,0
400869103,Idaho State,puntReturns,1
400869103,Idaho State,passingTDs,0
400869103,Idaho State,kickReturnYards,83
400869103,Idaho State,kickReturnTDs,0
400869103,Idaho State,kickReturns,4
400869103,Idaho State,kickingPoints,1
400869103,Idaho State,fumblesRecovered,1
400869103,Idaho State,totalFumbles,0
400869103,Idaho State,tacklesForLoss,3
400869103,Idaho State,defensiveTDs,0
400869103,Idaho State,tackles,76
400869103,Idaho State,sacks,0
400869103,Idaho State,qbHurries,3
400869103,Idaho State,passesDeflected,1
400869103,Idaho State,firstDowns,7
400869103,Idaho State,thirdDownEff,2-14
400869103,Idaho State,fourthDownEff,0-1
400869103,Idaho State,totalYards,96
400869103,Idaho State,netPassingYards,61
400869103,Idaho State,completionAttempts,19-41
400869103,Idaho State,yardsPerPass,1.5
400869103,Idaho State,rushingYards,35
400869103,Idaho State,rushingAttempts,14
400869103,Idaho State,yardsPerRushAttempt,2.5
400869103,Idaho State,totalPenaltiesYards,8-78
400869103,Idaho State,turnovers,1
400869103,Idaho State,fumblesLost,0
400869103,Idaho State,interceptions,1
400869103,Idaho State,possessionTime,23:24
400869626,Youngstown State,rushingTDs,3
400869626,Youngstown State,puntReturnYards,21
400869626,Youngstown State,puntReturnTDs,0
400869626,Youngstown State,puntReturns,2
400869626,Youngstown State,passingTDs,1
400869626,Youngstown State,kickReturnYards,107
400869626,Youngstown State,kickReturnTDs,0
400869626,Youngstown State,kickReturns,4
400869626,Youngstown State,kickingPoints,3
400869626,Youngstown State,interceptionYards,2
400869626,Youngstown State,interceptionTDs,0
400869626,Youngstown State,passesIntercepted,1
400869626,Youngstown State,fumblesRecovered,0
400869626,Youngstown State,totalFumbles,1
400869626,Youngstown State,tacklesForLoss,1
400869626,Youngstown State,defensiveTDs,0
400869626,Youngstown State,tackles,61
400869626,Youngstown State,sacks,0
400869626,Youngstown State,qbHurries,3
400869626,Youngstown State,passesDeflected,4
400869626,Youngstown State,firstDowns,21
400869626,Youngstown State,thirdDownEff,5-14
400869626,Youngstown State,fourthDownEff,1-1
400869626,Youngstown State,totalYards,405
400869626,Youngstown State,netPassingYards,220
400869626,Youngstown State,completionAttempts,15-32
400869626,Youngstown State,yardsPerPass,6.9
400869626,Youngstown State,rushingYards,185
400869626,Youngstown State,rushingAttempts,41
400869626,Youngstown State,yardsPerRushAttempt,4.5
400869626,Youngstown State,totalPenaltiesYards,5-64
400869626,Youngstown State,turnovers,1
400869626,Youngstown State,fumblesLost,0
400869626,Youngstown State,interceptions,1
400869626,Youngstown State,possessionTime,31:49
400868990,Prairie View,rushingTDs,0
400868990,Prairie View,puntReturnYards,4
400868990,Prairie View,puntReturnTDs,0
400868990,Prairie View,puntReturns,1
400868990,Prairie View,passingTDs,0
400868990,Prairie View,kickReturnYards,40
400868990,Prairie View,kickReturnTDs,0
400868990,Prairie View,kickReturns,3
400868990,Prairie View,kickingPoints,0
400868990,Prairie View,interceptionYards,0
400868990,Prairie View,interceptionTDs,0
400868990,Prairie View,passesIntercepted,1
400868990,Prairie View,fumblesRecovered,1
400868990,Prairie View,totalFumbles,2
400868990,Prairie View,tacklesForLoss,6
400868990,Prairie View,defensiveTDs,0
400868990,Prairie View,tackles,41
400868990,Prairie View,sacks,2
400868990,Prairie View,qbHurries,1
400868990,Prairie View,passesDeflected,7
400868990,Prairie View,firstDowns,10
400868990,Prairie View,thirdDownEff,5-18
400868990,Prairie View,fourthDownEff,0-1
400868990,Prairie View,totalYards,205
400868990,Prairie View,netPassingYards,173
400868990,Prairie View,completionAttempts,14-40
400868990,Prairie View,yardsPerPass,4.3
400868990,Prairie View,rushingYards,32
400868990,Prairie View,rushingAttempts,28
400868990,Prairie View,yardsPerRushAttempt,1.1
400868990,Prairie View,totalPenaltiesYards,11-95
400868990,Prairie View,turnovers,1
400868990,Prairie View,fumblesLost,0
400868990,Prairie View,interceptions,1
400868990,Prairie View,possessionTime,31:42
400869811,Georgia Southern,rushingTDs,2
400869811,Georgia Southern,passingTDs,0
400869811,Georgia Southern,kickReturnYards,66
400869811,Georgia Southern,kickReturnTDs,0
400869811,Georgia Southern,kickReturns,3
400869811,Georgia Southern,kickingPoints,6
400869811,Georgia Southern,interceptionYards,0
400869811,Georgia Southern,interceptionTDs,0
400869811,Georgia Southern,passesIntercepted,1
400869811,Georgia Southern,fumblesRecovered,0
400869811,Georgia Southern,totalFumbles,3
400869811,Georgia Southern,tacklesForLoss,8
400869811,Georgia Southern,defensiveTDs,0
400869811,Georgia Southern,tackles,35
400869811,Georgia Southern,sacks,1
400869811,Georgia Southern,qbHurries,3
400869811,Georgia Southern,passesDeflected,3
400869811,Georgia Southern,firstDowns,23
400869811,Georgia Southern,thirdDownEff,6-13
400869811,Georgia Southern,fourthDownEff,0-2
400869811,Georgia Southern,totalYards,441
400869811,Georgia Southern,netPassingYards,137
400869811,Georgia Southern,completionAttempts,7-10
400869811,Georgia Southern,yardsPerPass,13.7
400869811,Georgia Southern,rushingYards,304
400869811,Georgia Southern,rushingAttempts,63
400869811,Georgia Southern,yardsPerRushAttempt,4.8
400869811,Georgia Southern,totalPenaltiesYards,10-65
400869811,Georgia Southern,turnovers,1
400869811,Georgia Southern,fumblesLost,1
400869811,Georgia Southern,interceptions,0
400869811,Georgia Southern,possessionTime,35:26
400869429,Louisville,rushingTDs,7
400869429,Louisville,puntReturnYards,13
400869429,Louisville,puntReturnTDs,0
400869429,Louisville,puntReturns,5
400869429,Louisville,passingTDs,1
400869429,Louisville,kickReturnYards,73
400869429,Louisville,kickReturnTDs,0
400869429,Louisville,kickReturns,4
400869429,Louisville,kickingPoints,14
400869429,Louisville,interceptionYards,0
400869429,Louisville,interceptionTDs,0
400869429,Louisville,passesIntercepted,1
400869429,Louisville,fumblesRecovered,1
400869429,Louisville,totalFumbles,6
400869429,Louisville,tacklesForLoss,15
400869429,Louisville,defensiveTDs,0
400869429,Louisville,tackles,68
400869429,Louisville,sacks,4
400869429,Louisville,qbHurries,1
400869429,Louisville,passesDeflected,5
400869429,Louisville,firstDowns,30
400869429,Louisville,thirdDownEff,7-16
400869429,Louisville,fourthDownEff,0-0
400869429,Louisville,totalYards,845
400869429,Louisville,netPassingYards,431
400869429,Louisville,completionAttempts,21-40
400869429,Louisville,yardsPerPass,10.8
400869429,Louisville,rushingYards,414
400869429,Louisville,rushingAttempts,41
400869429,Louisville,yardsPerRushAttempt,10.1
400869429,Louisville,totalPenaltiesYards,9-100
400869429,Louisville,turnovers,3
400869429,Louisville,fumblesLost,2
400869429,Louisville,interceptions,1
400869429,Louisville,possessionTime,31:28
400869436,Penn State,rushingTDs,4
400869436,Penn State,puntReturnYards,61
400869436,Penn State,puntReturnTDs,0
400869436,Penn State,puntReturns,4
400869436,Penn State,passingTDs,1
400869436,Penn State,kickReturnYards,110
400869436,Penn State,kickReturnTDs,0
400869436,Penn State,kickReturns,5
400869436,Penn State,kickingPoints,7
400869436,Penn State,interceptionYards,8
400869436,Penn State,interceptionTDs,0
400869436,Penn State,passesIntercepted,1
400869436,Penn State,fumblesRecovered,1
400869436,Penn State,totalFumbles,5
400869436,Penn State,tacklesForLoss,9
400869436,Penn State,defensiveTDs,0
400869436,Penn State,tackles,47
400869436,Penn State,sacks,0
400869436,Penn State,qbHurries,3
400869436,Penn State,passesDeflected,1
400869436,Penn State,firstDowns,20
400869436,Penn State,thirdDownEff,2-10
400869436,Penn State,fourthDownEff,1-1
400869436,Penn State,totalYards,406
400869436,Penn State,netPassingYards,332
400869436,Penn State,completionAttempts,24-35
400869436,Penn State,yardsPerPass,9.5
400869436,Penn State,rushingYards,74
400869436,Penn State,rushingAttempts,31
400869436,Penn State,yardsPerRushAttempt,2.4
400869436,Penn State,totalPenaltiesYards,4-35
400869436,Penn State,turnovers,4
400869436,Penn State,fumblesLost,3
400869436,Penn State,interceptions,1
400869436,Penn State,possessionTime,24:31
400869351,Maryland,fumblesRecovered,0
400869351,Maryland,rushingTDs,1
400869351,Maryland,puntReturnYards,23
400869351,Maryland,puntReturnTDs,0
400869351,Maryland,puntReturns,2
400869351,Maryland,passingTDs,3
400869351,Maryland,kickReturnYards,9
400869351,Maryland,kickReturnTDs,0
400869351,Maryland,kickReturns,1
400869351,Maryland,kickingPoints,11
400869351,Maryland,interceptionYards,14
400869351,Maryland,interceptionTDs,1
400869351,Maryland,passesIntercepted,1
400869351,Maryland,tacklesForLoss,5
400869351,Maryland,defensiveTDs,1
400869351,Maryland,tackles,50
400869351,Maryland,sacks,3
400869351,Maryland,qbHurries,2
400869351,Maryland,passesDeflected,2
400869351,Maryland,interceptions,0
400869351,Maryland,firstDowns,22
400869351,Maryland,thirdDownEff,4-12
400869351,Maryland,fourthDownEff,1-1
400869351,Maryland,totalYards,477
400869351,Maryland,netPassingYards,238
400869351,Maryland,completionAttempts,15-21
400869351,Maryland,yardsPerPass,11.3
400869351,Maryland,rushingYards,239
400869351,Maryland,rushingAttempts,45
400869351,Maryland,yardsPerRushAttempt,5.3
400869351,Maryland,totalPenaltiesYards,8-85
400869351,Maryland,turnovers,0
400869351,Maryland,fumblesLost,0
400869351,Maryland,possessionTime,28:47
400869354,Bethune-Cookman,rushingTDs,1
400869354,Bethune-Cookman,puntReturnYards,109
400869354,Bethune-Cookman,puntReturnTDs,0
400869354,Bethune-Cookman,puntReturns,2
400869354,Bethune-Cookman,passingTDs,0
400869354,Bethune-Cookman,kickReturnYards,63
400869354,Bethune-Cookman,kickReturnTDs,0
400869354,Bethune-Cookman,kickReturns,4
400869354,Bethune-Cookman,kickingPoints,2
400869354,Bethune-Cookman,interceptionYards,30
400869354,Bethune-Cookman,interceptionTDs,1
400869354,Bethune-Cookman,passesIntercepted,1
400869354,Bethune-Cookman,fumblesRecovered,0
400869354,Bethune-Cookman,totalFumbles,2
400869354,Bethune-Cookman,tacklesForLoss,9
400869354,Bethune-Cookman,defensiveTDs,2
400869354,Bethune-Cookman,tackles,43
400869354,Bethune-Cookman,sacks,0
400869354,Bethune-Cookman,qbHurries,0
400869354,Bethune-Cookman,passesDeflected,5
400869354,Bethune-Cookman,firstDowns,9
400869354,Bethune-Cookman,thirdDownEff,2-12
400869354,Bethune-Cookman,fourthDownEff,0-3
400869354,Bethune-Cookman,totalYards,231
400869354,Bethune-Cookman,netPassingYards,74
400869354,Bethune-Cookman,completionAttempts,8-19
400869354,Bethune-Cookman,yardsPerPass,3.9
400869354,Bethune-Cookman,rushingYards,157
400869354,Bethune-Cookman,rushingAttempts,32
400869354,Bethune-Cookman,yardsPerRushAttempt,4.9
400869354,Bethune-Cookman,totalPenaltiesYards,10-79
400869354,Bethune-Cookman,turnovers,1
400869354,Bethune-Cookman,fumblesLost,0
400869354,Bethune-Cookman,interceptions,1
400869354,Bethune-Cookman,possessionTime,26:26
400869185,Colorado State,rushingTDs,2
400869185,Colorado State,puntReturnYards,6
400869185,Colorado State,puntReturnTDs,0
400869185,Colorado State,puntReturns,5
400869185,Colorado State,passingTDs,0
400869185,Colorado State,kickReturnYards,15
400869185,Colorado State,kickReturnTDs,0
400869185,Colorado State,kickReturns,1
400869185,Colorado State,kickingPoints,11
400869185,Colorado State,interceptionYards,2
400869185,Colorado State,interceptionTDs,0
400869185,Colorado State,passesIntercepted,1
400869185,Colorado State,fumblesRecovered,0
400869185,Colorado State,totalFumbles,2
400869185,Colorado State,tacklesForLoss,10
400869185,Colorado State,defensiveTDs,0
400869185,Colorado State,tackles,35
400869185,Colorado State,sacks,6
400869185,Colorado State,qbHurries,5
400869185,Colorado State,passesDeflected,2
400869185,Colorado State,firstDowns,19
400869185,Colorado State,thirdDownEff,5-15
400869185,Colorado State,fourthDownEff,1-1
400869185,Colorado State,totalYards,328
400869185,Colorado State,netPassingYards,108
400869185,Colorado State,completionAttempts,8-23
400869185,Colorado State,yardsPerPass,4.7
400869185,Colorado State,rushingYards,220
400869185,Colorado State,rushingAttempts,47
400869185,Colorado State,yardsPerRushAttempt,4.7
400869185,Colorado State,totalPenaltiesYards,7-70
400869185,Colorado State,turnovers,0
400869185,Colorado State,fumblesLost,0
400869185,Colorado State,interceptions,0
400869185,Colorado State,possessionTime,28:22
400869352,South Carolina State,rushingTDs,1
400869352,South Carolina State,passingTDs,2
400869352,South Carolina State,kickReturnYards,109
400869352,South Carolina State,kickReturnTDs,0
400869352,South Carolina State,kickReturns,6
400869352,South Carolina State,kickingPoints,6
400869352,South Carolina State,interceptionYards,19
400869352,South Carolina State,interceptionTDs,0
400869352,South Carolina State,passesIntercepted,2
400869352,South Carolina State,fumblesRecovered,2
400869352,South Carolina State,totalFumbles,2
400869352,South Carolina State,tacklesForLoss,4
400869352,South Carolina State,defensiveTDs,0
400869352,South Carolina State,tackles,46
400869352,South Carolina State,sacks,2
400869352,South Carolina State,qbHurries,1
400869352,South Carolina State,passesDeflected,6
400869352,South Carolina State,firstDowns,20
400869352,South Carolina State,thirdDownEff,1-12
400869352,South Carolina State,fourthDownEff,1-2
400869352,South Carolina State,totalYards,293
400869352,South Carolina State,netPassingYards,137
400869352,South Carolina State,completionAttempts,14-31
400869352,South Carolina State,yardsPerPass,4.4
400869352,South Carolina State,rushingYards,156
400869352,South Carolina State,rushingAttempts,39
400869352,South Carolina State,yardsPerRushAttempt,4.0
400869352,South Carolina State,totalPenaltiesYards,3-25
400869352,South Carolina State,turnovers,0
400869352,South Carolina State,fumblesLost,0
400869352,South Carolina State,interceptions,0
400869352,South Carolina State,possessionTime,27:27
400869187,Nebraska,rushingTDs,2
400869187,Nebraska,passingTDs,4
400869187,Nebraska,kickReturnYards,86
400869187,Nebraska,kickReturnTDs,0
400869187,Nebraska,kickReturns,3
400869187,Nebraska,kickingPoints,10
400869187,Nebraska,interceptionYards,62
400869187,Nebraska,interceptionTDs,1
400869187,Nebraska,passesIntercepted,5
400869187,Nebraska,fumblesRecovered,1
400869187,Nebraska,totalFumbles,4
400869187,Nebraska,tacklesForLoss,6
400869187,Nebraska,defensiveTDs,1
400869187,Nebraska,tackles,25
400869187,Nebraska,sacks,1
400869187,Nebraska,qbHurries,5
400869187,Nebraska,passesDeflected,3
400869187,Nebraska,firstDowns,25
400869187,Nebraska,thirdDownEff,8-14
400869187,Nebraska,fourthDownEff,0-2
400869187,Nebraska,totalYards,550
400869187,Nebraska,netPassingYards,412
400869187,Nebraska,completionAttempts,21-35
400869187,Nebraska,yardsPerPass,11.8
400869187,Nebraska,rushingYards,138
400869187,Nebraska,rushingAttempts,43
400869187,Nebraska,yardsPerRushAttempt,3.2
400869187,Nebraska,totalPenaltiesYards,7-93
400869187,Nebraska,turnovers,1
400869187,Nebraska,fumblesLost,0
400869187,Nebraska,interceptions,1
400869187,Nebraska,possessionTime,33:07
400869184,Georgia State,rushingTDs,1
400869184,Georgia State,passingTDs,1
400869184,Georgia State,kickReturnYards,127
400869184,Georgia State,kickReturnTDs,0
400869184,Georgia State,kickReturns,3
400869184,Georgia State,kickingPoints,2
400869184,Georgia State,fumblesRecovered,0
400869184,Georgia State,totalFumbles,1
400869184,Georgia State,tacklesForLoss,1
400869184,Georgia State,defensiveTDs,0
400869184,Georgia State,tackles,45
400869184,Georgia State,sacks,0
400869184,Georgia State,qbHurries,0
400869184,Georgia State,passesDeflected,1
400869184,Georgia State,firstDowns,6
400869184,Georgia State,thirdDownEff,4-12
400869184,Georgia State,fourthDownEff,0-0
400869184,Georgia State,totalYards,169
400869184,Georgia State,netPassingYards,142
400869184,Georgia State,completionAttempts,9-27
400869184,Georgia State,yardsPerPass,5.3
400869184,Georgia State,rushingYards,27
400869184,Georgia State,rushingAttempts,14
400869184,Georgia State,yardsPerRushAttempt,1.9
400869184,Georgia State,totalPenaltiesYards,5-25
400869184,Georgia State,turnovers,0
400869184,Georgia State,fumblesLost,0
400869184,Georgia State,interceptions,0
400869184,Georgia State,possessionTime,14:46
400869188,Sacramento State,rushingTDs,0
400869188,Sacramento State,puntReturnYards,0
400869188,Sacramento State,puntReturnTDs,0
400869188,Sacramento State,puntReturns,1
400869188,Sacramento State,passingTDs,0
400869188,Sacramento State,kickReturnYards,43
400869188,Sacramento State,kickReturnTDs,0
400869188,Sacramento State,kickReturns,3
400869188,Sacramento State,kickingPoints,3
400869188,Sacramento State,interceptionYards,-1
400869188,Sacramento State,interceptionTDs,0
400869188,Sacramento State,passesIntercepted,1
400869188,Sacramento State,fumblesRecovered,1
400869188,Sacramento State,totalFumbles,1
400869188,Sacramento State,tacklesForLoss,8
400869188,Sacramento State,defensiveTDs,0
400869188,Sacramento State,tackles,51
400869188,Sacramento State,sacks,2
400869188,Sacramento State,qbHurries,1
400869188,Sacramento State,passesDeflected,2
400869188,Sacramento State,firstDowns,7
400869188,Sacramento State,thirdDownEff,3-16
400869188,Sacramento State,fourthDownEff,0-0
400869188,Sacramento State,totalYards,185
400869188,Sacramento State,netPassingYards,89
400869188,Sacramento State,completionAttempts,9-25
400869188,Sacramento State,yardsPerPass,3.6
400869188,Sacramento State,rushingYards,96
400869188,Sacramento State,rushingAttempts,33
400869188,Sacramento State,yardsPerRushAttempt,2.9
400869188,Sacramento State,totalPenaltiesYards,3-15
400869188,Sacramento State,turnovers,2
400869188,Sacramento State,fumblesLost,0
400869188,Sacramento State,interceptions,2
400869188,Sacramento State,possessionTime,28:10
400869190,Portland State,rushingTDs,3
400869190,Portland State,puntReturnYards,30
400869190,Portland State,puntReturnTDs,0
400869190,Portland State,puntReturns,2
400869190,Portland State,passingTDs,2
400869190,Portland State,kickReturnYards,71
400869190,Portland State,kickReturnTDs,0
400869190,Portland State,kickReturns,5
400869190,Portland State,kickingPoints,5
400869190,Portland State,fumblesRecovered,0
400869190,Portland State,totalFumbles,4
400869190,Portland State,tacklesForLoss,7
400869190,Portland State,defensiveTDs,0
400869190,Portland State,tackles,50
400869190,Portland State,sacks,2
400869190,Portland State,qbHurries,1
400869190,Portland State,passesDeflected,3
400869190,Portland State,firstDowns,17
400869190,Portland State,thirdDownEff,4-12
400869190,Portland State,fourthDownEff,1-1
400869190,Portland State,totalYards,458
400869190,Portland State,netPassingYards,256
400869190,Portland State,completionAttempts,12-24
400869190,Portland State,yardsPerPass,10.7
400869190,Portland State,rushingYards,202
400869190,Portland State,rushingAttempts,42
400869190,Portland State,yardsPerRushAttempt,4.8
400869190,Portland State,totalPenaltiesYards,7-70
400869190,Portland State,turnovers,6
400869190,Portland State,fumblesLost,3
400869190,Portland State,interceptions,3
400869190,Portland State,possessionTime,25:00
400869189,UT Martin,rushingTDs,1
400869189,UT Martin,puntReturnYards,69
400869189,UT Martin,puntReturnTDs,0
400869189,UT Martin,puntReturns,2
400869189,UT Martin,passingTDs,3
400869189,UT Martin,kickReturnYards,103
400869189,UT Martin,kickReturnTDs,0
400869189,UT Martin,kickReturns,6
400869189,UT Martin,kickingPoints,6
400869189,UT Martin,interceptionYards,28
400869189,UT Martin,interceptionTDs,0
400869189,UT Martin,passesIntercepted,3
400869189,UT Martin,fumblesRecovered,0
400869189,UT Martin,totalFumbles,3
400869189,UT Martin,tacklesForLoss,6
400869189,UT Martin,defensiveTDs,1
400869189,UT Martin,tackles,45
400869189,UT Martin,sacks,1
400869189,UT Martin,qbHurries,0
400869189,UT Martin,passesDeflected,1
400869189,UT Martin,firstDowns,22
400869189,UT Martin,thirdDownEff,4-15
400869189,UT Martin,fourthDownEff,3-4
400869189,UT Martin,totalYards,418
400869189,UT Martin,netPassingYards,204
400869189,UT Martin,completionAttempts,12-26
400869189,UT Martin,yardsPerPass,7.8
400869189,UT Martin,rushingYards,214
400869189,UT Martin,rushingAttempts,43
400869189,UT Martin,yardsPerRushAttempt,5.0
400869189,UT Martin,totalPenaltiesYards,9-63
400869189,UT Martin,turnovers,4
400869189,UT Martin,fumblesLost,2
400869189,UT Martin,interceptions,2
400869189,UT Martin,possessionTime,34:17
400869516,Tulsa,rushingTDs,0
400869516,Tulsa,puntReturnYards,18
400869516,Tulsa,puntReturnTDs,0
400869516,Tulsa,puntReturns,2
400869516,Tulsa,passingTDs,0
400869516,Tulsa,kickReturnYards,100
400869516,Tulsa,kickReturnTDs,0
400869516,Tulsa,kickReturns,6
400869516,Tulsa,kickingPoints,3
400869516,Tulsa,fumblesRecovered,1
400869516,Tulsa,totalFumbles,4
400869516,Tulsa,tacklesForLoss,1
400869516,Tulsa,defensiveTDs,0
400869516,Tulsa,tackles,41
400869516,Tulsa,sacks,1
400869516,Tulsa,qbHurries,1
400869516,Tulsa,passesDeflected,2
400869516,Tulsa,firstDowns,14
400869516,Tulsa,thirdDownEff,4-16
400869516,Tulsa,fourthDownEff,0-1
400869516,Tulsa,totalYards,188
400869516,Tulsa,netPassingYards,127
400869516,Tulsa,completionAttempts,15-32
400869516,Tulsa,yardsPerPass,4.0
400869516,Tulsa,rushingYards,61
400869516,Tulsa,rushingAttempts,37
400869516,Tulsa,yardsPerRushAttempt,1.6
400869516,Tulsa,totalPenaltiesYards,5-46
400869516,Tulsa,turnovers,6
400869516,Tulsa,fumblesLost,2
400869516,Tulsa,interceptions,4
400869516,Tulsa,possessionTime,26:07
400869633,Howard,rushingTDs,1
400869633,Howard,puntReturnYards,-6
400869633,Howard,puntReturnTDs,0
400869633,Howard,puntReturns,2
400869633,Howard,passingTDs,1
400869633,Howard,kickReturnYards,143
400869633,Howard,kickReturnTDs,0
400869633,Howard,kickReturns,9
400869633,Howard,kickingPoints,2
400869633,Howard,interceptionYards,0
400869633,Howard,interceptionTDs,0
400869633,Howard,passesIntercepted,1
400869633,Howard,fumblesRecovered,0
400869633,Howard,totalFumbles,4
400869633,Howard,tacklesForLoss,5
400869633,Howard,defensiveTDs,0
400869633,Howard,tackles,47
400869633,Howard,sacks,1
400869633,Howard,qbHurries,0
400869633,Howard,passesDeflected,2
400869633,Howard,firstDowns,12
400869633,Howard,thirdDownEff,7-19
400869633,Howard,fourthDownEff,0-0
400869633,Howard,totalYards,253
400869633,Howard,netPassingYards,103
400869633,Howard,completionAttempts,10-25
400869633,Howard,yardsPerPass,4.1
400869633,Howard,rushingYards,150
400869633,Howard,rushingAttempts,39
400869633,Howard,yardsPerRushAttempt,3.8
400869633,Howard,totalPenaltiesYards,11-62
400869633,Howard,turnovers,1
400869633,Howard,fumblesLost,0
400869633,Howard,interceptions,1
400869633,Howard,possessionTime,33:30
400869510,UCF,rushingTDs,2
400869510,UCF,puntReturnYards,12
400869510,UCF,puntReturnTDs,0
400869510,UCF,puntReturns,1
400869510,UCF,passingTDs,0
400869510,UCF,kickReturnYards,49
400869510,UCF,kickReturnTDs,0
400869510,UCF,kickReturns,4
400869510,UCF,kickingPoints,2
400869510,UCF,fumblesRecovered,0
400869510,UCF,totalFumbles,3
400869510,UCF,tacklesForLoss,8
400869510,UCF,defensiveTDs,0
400869510,UCF,tackles,54
400869510,UCF,sacks,2
400869510,UCF,qbHurries,3
400869510,UCF,passesDeflected,3
400869510,UCF,firstDowns,15
400869510,UCF,thirdDownEff,2-14
400869510,UCF,fourthDownEff,2-5
400869510,UCF,totalYards,331
400869510,UCF,netPassingYards,56
400869510,UCF,completionAttempts,6-22
400869510,UCF,yardsPerPass,2.5
400869510,UCF,rushingYards,275
400869510,UCF,rushingAttempts,46
400869510,UCF,yardsPerRushAttempt,6.0
400869510,UCF,totalPenaltiesYards,9-76
400869510,UCF,turnovers,2
400869510,UCF,fumblesLost,2
400869510,UCF,interceptions,0
400869510,UCF,possessionTime,25:35
400869654,Indiana State,rushingTDs,0
400869654,Indiana State,passingTDs,4
400869654,Indiana State,kickReturnYards,58
400869654,Indiana State,kickReturnTDs,0
400869654,Indiana State,kickReturns,2
400869654,Indiana State,kickingPoints,4
400869654,Indiana State,fumblesRecovered,0
400869654,Indiana State,totalFumbles,1
400869654,Indiana State,tacklesForLoss,3
400869654,Indiana State,defensiveTDs,0
400869654,Indiana State,tackles,49
400869654,Indiana State,sacks,0
400869654,Indiana State,qbHurries,0
400869654,Indiana State,passesDeflected,0
400869654,Indiana State,firstDowns,20
400869654,Indiana State,thirdDownEff,7-15
400869654,Indiana State,fourthDownEff,2-3
400869654,Indiana State,totalYards,356
400869654,Indiana State,netPassingYards,247
400869654,Indiana State,completionAttempts,21-37
400869654,Indiana State,yardsPerPass,6.7
400869654,Indiana State,rushingYards,109
400869654,Indiana State,rushingAttempts,33
400869654,Indiana State,yardsPerRushAttempt,3.3
400869654,Indiana State,totalPenaltiesYards,4-30
400869654,Indiana State,turnovers,1
400869654,Indiana State,fumblesLost,1
400869654,Indiana State,interceptions,0
400869654,Indiana State,possessionTime,26:22
400869655,Illinois State,rushingTDs,1
400869655,Illinois State,puntReturnYards,6
400869655,Illinois State,puntReturnTDs,0
400869655,Illinois State,puntReturns,1
400869655,Illinois State,passingTDs,0
400869655,Illinois State,kickReturnYards,17
400869655,Illinois State,kickReturnTDs,0
400869655,Illinois State,kickReturns,1
400869655,Illinois State,kickingPoints,3
400869655,Illinois State,fumblesRecovered,0
400869655,Illinois State,totalFumbles,1
400869655,Illinois State,tacklesForLoss,5
400869655,Illinois State,defensiveTDs,0
400869655,Illinois State,tackles,39
400869655,Illinois State,sacks,3
400869655,Illinois State,qbHurries,6
400869655,Illinois State,passesDeflected,9
400869655,Illinois State,firstDowns,25
400869655,Illinois State,thirdDownEff,3-13
400869655,Illinois State,fourthDownEff,1-1
400869655,Illinois State,totalYards,372
400869655,Illinois State,netPassingYards,287
400869655,Illinois State,completionAttempts,30-41
400869655,Illinois State,yardsPerPass,7.0
400869655,Illinois State,rushingYards,85
400869655,Illinois State,rushingAttempts,30
400869655,Illinois State,yardsPerRushAttempt,2.8
400869655,Illinois State,totalPenaltiesYards,9-89
400869655,Illinois State,turnovers,2
400869655,Illinois State,fumblesLost,0
400869655,Illinois State,interceptions,2
400869655,Illinois State,possessionTime,34:18
400869511,Cincinnati,rushingTDs,2
400869511,Cincinnati,puntReturnYards,2
400869511,Cincinnati,puntReturnTDs,0
400869511,Cincinnati,puntReturns,1
400869511,Cincinnati,passingTDs,3
400869511,Cincinnati,kickReturnYards,24
400869511,Cincinnati,kickReturnTDs,0
400869511,Cincinnati,kickReturns,2
400869511,Cincinnati,kickingPoints,8
400869511,Cincinnati,interceptionYards,53
400869511,Cincinnati,interceptionTDs,0
400869511,Cincinnati,passesIntercepted,5
400869511,Cincinnati,fumblesRecovered,0
400869511,Cincinnati,totalFumbles,1
400869511,Cincinnati,tacklesForLoss,4
400869511,Cincinnati,defensiveTDs,0
400869511,Cincinnati,tackles,46
400869511,Cincinnati,sacks,0
400869511,Cincinnati,qbHurries,0
400869511,Cincinnati,passesDeflected,2
400869511,Cincinnati,firstDowns,22
400869511,Cincinnati,thirdDownEff,13-21
400869511,Cincinnati,fourthDownEff,2-2
400869511,Cincinnati,totalYards,512
400869511,Cincinnati,netPassingYards,250
400869511,Cincinnati,completionAttempts,19-32
400869511,Cincinnati,yardsPerPass,7.8
400869511,Cincinnati,rushingYards,262
400869511,Cincinnati,rushingAttempts,46
400869511,Cincinnati,yardsPerRushAttempt,5.7
400869511,Cincinnati,totalPenaltiesYards,5-45
400869511,Cincinnati,turnovers,0
400869511,Cincinnati,fumblesLost,0
400869511,Cincinnati,interceptions,0
400869511,Cincinnati,possessionTime,30:17
400869355,Appalachian State,rushingTDs,4
400869355,Appalachian State,puntReturnYards,5
400869355,Appalachian State,puntReturnTDs,0
400869355,Appalachian State,puntReturns,2
400869355,Appalachian State,passingTDs,0
400869355,Appalachian State,kickReturnYards,28
400869355,Appalachian State,kickReturnTDs,0
400869355,Appalachian State,kickReturns,2
400869355,Appalachian State,kickingPoints,7
400869355,Appalachian State,interceptionYards,0
400869355,Appalachian State,interceptionTDs,0
400869355,Appalachian State,passesIntercepted,1
400869355,Appalachian State,fumblesRecovered,0
400869355,Appalachian State,totalFumbles,1
400869355,Appalachian State,tacklesForLoss,5
400869355,Appalachian State,defensiveTDs,0
400869355,Appalachian State,tackles,30
400869355,Appalachian State,sacks,3
400869355,Appalachian State,qbHurries,5
400869355,Appalachian State,passesDeflected,6
400869355,Appalachian State,firstDowns,22
400869355,Appalachian State,thirdDownEff,2-13
400869355,Appalachian State,fourthDownEff,4-5
400869355,Appalachian State,totalYards,415
400869355,Appalachian State,netPassingYards,185
400869355,Appalachian State,completionAttempts,15-22
400869355,Appalachian State,yardsPerPass,8.4
400869355,Appalachian State,rushingYards,230
400869355,Appalachian State,rushingAttempts,48
400869355,Appalachian State,yardsPerRushAttempt,4.8
400869355,Appalachian State,totalPenaltiesYards,7-72
400869355,Appalachian State,turnovers,1
400869355,Appalachian State,fumblesLost,0
400869355,Appalachian State,interceptions,1
400869355,Appalachian State,possessionTime,33:51
400869356,Savannah State,fumblesRecovered,0
400869356,Savannah State,rushingTDs,0
400869356,Savannah State,passingTDs,0
400869356,Savannah State,kickReturnYards,58
400869356,Savannah State,kickReturnTDs,0
400869356,Savannah State,kickReturns,4
400869356,Savannah State,kickingPoints,0
400869356,Savannah State,interceptionYards,2
400869356,Savannah State,interceptionTDs,0
400869356,Savannah State,passesIntercepted,1
400869356,Savannah State,tacklesForLoss,3
400869356,Savannah State,defensiveTDs,0
400869356,Savannah State,tackles,53
400869356,Savannah State,sacks,0
400869356,Savannah State,qbHurries,0
400869356,Savannah State,passesDeflected,1
400869356,Savannah State,firstDowns,3
400869356,Savannah State,thirdDownEff,1-12
400869356,Savannah State,fourthDownEff,0-0
400869356,Savannah State,totalYards,41
400869356,Savannah State,netPassingYards,30
400869356,Savannah State,completionAttempts,4-13
400869356,Savannah State,yardsPerPass,2.3
400869356,Savannah State,rushingYards,11
400869356,Savannah State,rushingAttempts,29
400869356,Savannah State,yardsPerRushAttempt,0.4
400869356,Savannah State,totalPenaltiesYards,5-26
400869356,Savannah State,turnovers,0
400869356,Savannah State,fumblesLost,0
400869356,Savannah State,interceptions,0
400869356,Savannah State,possessionTime,25:28
400869513,Stony Brook,rushingTDs,0
400869513,Stony Brook,puntReturnYards,13
400869513,Stony Brook,puntReturnTDs,0
400869513,Stony Brook,puntReturns,1
400869513,Stony Brook,passingTDs,0
400869513,Stony Brook,kickReturnYards,109
400869513,Stony Brook,kickReturnTDs,0
400869513,Stony Brook,kickReturns,6
400869513,Stony Brook,interceptionYards,0
400869513,Stony Brook,interceptionTDs,0
400869513,Stony Brook,passesIntercepted,1
400869513,Stony Brook,fumblesRecovered,0
400869513,Stony Brook,totalFumbles,3
400869513,Stony Brook,tacklesForLoss,5
400869513,Stony Brook,defensiveTDs,0
400869513,Stony Brook,tackles,46
400869513,Stony Brook,sacks,2
400869513,Stony Brook,qbHurries,0
400869513,Stony Brook,passesDeflected,1
400869513,Stony Brook,firstDowns,7
400869513,Stony Brook,thirdDownEff,0-13
400869513,Stony Brook,fourthDownEff,2-4
400869513,Stony Brook,totalYards,133
400869513,Stony Brook,netPassingYards,84
400869513,Stony Brook,completionAttempts,8-20
400869513,Stony Brook,yardsPerPass,4.2
400869513,Stony Brook,rushingYards,49
400869513,Stony Brook,rushingAttempts,34
400869513,Stony Brook,yardsPerRushAttempt,1.4
400869513,Stony Brook,totalPenaltiesYards,5-33
400869513,Stony Brook,turnovers,4
400869513,Stony Brook,fumblesLost,1
400869513,Stony Brook,interceptions,3
400869513,Stony Brook,possessionTime,29:28
400869512,Navy,rushingTDs,3
400869512,Navy,puntReturnYards,46
400869512,Navy,puntReturnTDs,0
400869512,Navy,puntReturns,2
400869512,Navy,passingTDs,0
400869512,Navy,kickReturnYards,48
400869512,Navy,kickReturnTDs,0
400869512,Navy,kickReturns,2
400869512,Navy,kickingPoints,4
400869512,Navy,fumblesRecovered,2
400869512,Navy,totalFumbles,1
400869512,Navy,tacklesForLoss,5
400869512,Navy,defensiveTDs,0
400869512,Navy,tackles,47
400869512,Navy,sacks,1
400869512,Navy,qbHurries,0
400869512,Navy,passesDeflected,1
400869512,Navy,firstDowns,20
400869512,Navy,thirdDownEff,5-10
400869512,Navy,fourthDownEff,0-1
400869512,Navy,totalYards,365
400869512,Navy,netPassingYards,130
400869512,Navy,completionAttempts,6-8
400869512,Navy,yardsPerPass,16.3
400869512,Navy,rushingYards,235
400869512,Navy,rushingAttempts,50
400869512,Navy,yardsPerRushAttempt,4.7
400869512,Navy,totalPenaltiesYards,2-30
400869512,Navy,turnovers,1
400869512,Navy,fumblesLost,1
400869512,Navy,interceptions,0
400869512,Navy,possessionTime,29:47
400869514,Lamar,rushingTDs,0
400869514,Lamar,puntReturnYards,-8
400869514,Lamar,puntReturnTDs,0
400869514,Lamar,puntReturns,1
400869514,Lamar,passingTDs,0
400869514,Lamar,kickReturnYards,96
400869514,Lamar,kickReturnTDs,0
400869514,Lamar,kickReturns,4
400869514,Lamar,interceptionYards,21
400869514,Lamar,interceptionTDs,0
400869514,Lamar,passesIntercepted,1
400869514,Lamar,fumblesRecovered,0
400869514,Lamar,totalFumbles,2
400869514,Lamar,tacklesForLoss,4
400869514,Lamar,defensiveTDs,0
400869514,Lamar,tackles,57
400869514,Lamar,sacks,0
400869514,Lamar,qbHurries,2
400869514,Lamar,passesDeflected,2
400869514,Lamar,firstDowns,4
400869514,Lamar,thirdDownEff,3-13
400869514,Lamar,fourthDownEff,0-0
400869514,Lamar,totalYards,73
400869514,Lamar,netPassingYards,58
400869514,Lamar,completionAttempts,7-13
400869514,Lamar,yardsPerPass,4.5
400869514,Lamar,rushingYards,15
400869514,Lamar,rushingAttempts,28
400869514,Lamar,yardsPerRushAttempt,0.5
400869514,Lamar,totalPenaltiesYards,6-43
400869514,Lamar,turnovers,1
400869514,Lamar,fumblesLost,1
400869514,Lamar,interceptions,0
400869514,Lamar,possessionTime,20:06
400869515,Southern,rushingTDs,0
400869515,Southern,passingTDs,2
400869515,Southern,kickReturnYards,103
400869515,Southern,kickReturnTDs,0
400869515,Southern,kickReturns,7
400869515,Southern,kickingPoints,3
400869515,Southern,interceptionYards,28
400869515,Southern,interceptionTDs,1
400869515,Southern,passesIntercepted,1
400869515,Southern,fumblesRecovered,0
400869515,Southern,totalFumbles,2
400869515,Southern,tacklesForLoss,5
400869515,Southern,defensiveTDs,1
400869515,Southern,tackles,45
400869515,Southern,sacks,0
400869515,Southern,qbHurries,0
400869515,Southern,passesDeflected,0
400869515,Southern,firstDowns,13
400869515,Southern,thirdDownEff,4-13
400869515,Southern,fourthDownEff,0-0
400869515,Southern,totalYards,335
400869515,Southern,netPassingYards,281
400869515,Southern,completionAttempts,18-31
400869515,Southern,yardsPerPass,9.1
400869515,Southern,rushingYards,54
400869515,Southern,rushingAttempts,23
400869515,Southern,yardsPerRushAttempt,2.3
400869515,Southern,totalPenaltiesYards,6-62
400869515,Southern,turnovers,4
400869515,Southern,fumblesLost,2
400869515,Southern,interceptions,2
400869515,Southern,possessionTime,26:48
400869350,Elon,rushingTDs,2
400869350,Elon,puntReturnYards,19
400869350,Elon,puntReturnTDs,0
400869350,Elon,puntReturns,2
400869350,Elon,passingTDs,0
400869350,Elon,kickReturnYards,116
400869350,Elon,kickReturnTDs,0
400869350,Elon,kickReturns,7
400869350,Elon,kickingPoints,2
400869350,Elon,fumblesRecovered,0
400869350,Elon,totalFumbles,4
400869350,Elon,tacklesForLoss,6
400869350,Elon,defensiveTDs,0
400869350,Elon,tackles,37
400869350,Elon,sacks,1
400869350,Elon,qbHurries,1
400869350,Elon,passesDeflected,2
400869350,Elon,firstDowns,21
400869350,Elon,thirdDownEff,7-19
400869350,Elon,fourthDownEff,2-5
400869350,Elon,totalYards,419
400869350,Elon,netPassingYards,322
400869350,Elon,completionAttempts,29-50
400869350,Elon,yardsPerPass,6.4
400869350,Elon,rushingYards,97
400869350,Elon,rushingAttempts,35
400869350,Elon,yardsPerRushAttempt,2.8
400869350,Elon,totalPenaltiesYards,5-48
400869350,Elon,turnovers,3
400869350,Elon,fumblesLost,1
400869350,Elon,interceptions,2
400869350,Elon,possessionTime,35:00
